B,Label
>ENST00000608007.1,1.0
>ENST00000400991.6,1.0
>ENST00000368242.7,1.0
>ENST00000673141.1,1.0
>ENST00000471156.5,1.0
>ENST00000368243.6,1.0
>ENST00000497824.5,1.0
>ENST00000488498.2,1.0
>ENST00000465270.5,1.0
>ENST00000462458.5,1.0
>ENST00000486517.5,1.0
>ENST00000465570.1,1.0
>ENST00000310027.9,1.0
>ENST00000497822.5,1.0
>ENST00000492750.5,1.0
>ENST00000482932.5,1.0
>ENST00000489918.1,1.0
>ENST00000489877.5,1.0
>ENST00000476966.5,1.0
>ENST00000463309.5,1.0
>ENST00000464203.1,1.0
>ENST00000469813.1,1.0
>ENST00000495000.1,1.0
>ENST00000663987.1,1.0
>ENST00000441085.6,1.0
>ENST00000656222.1,1.0
>ENST00000452465.2,1.0
>ENST00000667036.1,1.0
>ENST00000521113.1,1.0
>ENST00000661636.1,1.0
>ENST00000521889.5,1.0
>ENST00000390159.3,1.0
>ENST00000518860.1,1.0
>ENST00000649108.1,1.0
>ENST00000649986.1,1.0
>ENST00000561002.2,1.0
>ENST00000671619.1,1.0
>ENST00000666762.1,1.0
>ENST00000653895.1,1.0
>ENST00000649111.1,1.0
>ENST00000648149.1,1.0
>ENST00000643648.1,1.0
>ENST00000647456.1,1.0
>ENST00000644461.1,1.0
>ENST00000646232.1,1.0
>ENST00000560203.1,1.0
>ENST00000557946.1,1.0
>ENST00000643127.1,1.0
>ENST00000645994.1,1.0
>ENST00000645416.2,1.0
>ENST00000409178.5,1.0
>ENST00000433505.5,1.0
>ENST00000401018.5,1.0
>ENST00000449572.2,1.0
>ENST00000667852.1,1.0
>ENST00000661136.1,1.0
>ENST00000612390.4,1.0
>ENST00000416017.1,1.0
>ENST00000620678.1,1.0
>ENST00000649739.1,1.0
>ENST00000647681.1,1.0
>ENST00000503940.5,1.0
>ENST00000515640.5,1.0
>ENST00000397835.4,1.0
>ENST00000408887.3,1.0
>ENST00000675823.1,1.0
>ENST00000675704.1,1.0
>ENST00000674760.1,1.0
>ENST00000676093.1,1.0
>ENST00000675716.1,1.0
>ENST00000674714.1,1.0
>ENST00000674922.1,1.0
>ENST00000674683.1,1.0
>ENST00000676338.1,1.0
>ENST00000675285.1,1.0
>ENST00000658000.1,1.0
>ENST00000370940.6,1.0
>ENST00000359875.9,1.0
>ENST00000463058.5,1.0
>ENST00000525653.1,1.0
>ENST00000356020.2,1.0
>ENST00000649288.1,1.0
>ENST00000648587.1,1.0
>ENST00000442114.6,1.0
>ENST00000336600.6,1.0
>ENST00000650606.1,1.0
>ENST00000574093.1,1.0
>ENST00000571868.1,1.0
>ENST00000514664.1,1.0
>ENST00000625191.3,1.0
>ENST00000511063.5,1.0
>ENST00000512899.4,1.0
>ENST00000513845.4,1.0
>ENST00000513142.1,1.0
>ENST00000649041.1,1.0
>ENST00000650318.1,1.0
>ENST00000540508.1,1.0
>ENST00000538604.1,1.0
>ENST00000647872.1,1.0
>ENST00000426261.6,1.0
>ENST00000468381.2,1.0
>ENST00000535846.1,1.0
>ENST00000661785.1,1.0
>ENST00000653508.1,1.0
>ENST00000658783.1,1.0
>ENST00000657015.1,1.0
>ENST00000654263.1,1.0
>ENST00000667136.1,1.0
>ENST00000657905.1,1.0
>ENST00000671646.1,1.0
>ENST00000659175.1,1.0
>ENST00000663530.1,1.0
>ENST00000663437.1,1.0
>ENST00000659749.1,1.0
>ENST00000623100.2,1.0
>ENST00000589406.1,1.0
>ENST00000378485.1,1.0
>ENST00000473798.1,1.0
>ENST00000674356.1,1.0
>ENST00000445551.1,1.0
>ENST00000464612.5,1.0
>ENST00000481220.6,1.0
>ENST00000461448.6,1.0
>ENST00000481368.6,1.0
>ENST00000470977.6,1.0
>ENST00000648127.1,1.0
>ENST00000474814.1,1.0
>ENST00000488745.5,1.0
>ENST00000483436.5,1.0
>ENST00000650259.1,1.0
>ENST00000650239.1,1.0
>ENST00000648327.1,1.0
>ENST00000623673.1,1.0
>ENST00000625168.1,1.0
>ENST00000378953.8,1.0
>ENST00000612967.2,1.0
>ENST00000461203.5,1.0
>ENST00000337752.6,1.0
>ENST00000378947.7,1.0
>ENST00000407797.6,1.0
>ENST00000664942.1,1.0
>ENST00000585033.1,1.0
>ENST00000323813.3,1.0
>ENST00000647812.1,1.0
>ENST00000429328.2,1.0
>ENST00000442182.2,1.0
>ENST00000657479.1,1.0
>ENST00000664471.1,1.0
>ENST00000328376.9,1.0
>ENST00000481400.5,1.0
>ENST00000466204.5,1.0
>ENST00000426078.5,1.0
>ENST00000665000.1,1.0
>ENST00000662797.1,1.0
>ENST00000661769.1,1.0
>ENST00000669217.1,1.0
>ENST00000654228.1,1.0
>ENST00000660444.1,1.0
>ENST00000666079.1,1.0
>ENST00000415584.7,1.0
>ENST00000526694.2,1.0
>ENST00000666432.1,1.0
>ENST00000623052.1,1.0
>ENST00000565113.5,1.0
>ENST00000568310.1,1.0
>ENST00000422980.1,1.0
>ENST00000629811.2,1.0
>ENST00000630798.1,1.0
>ENST00000371417.3,1.0
>ENST00000496793.2,1.0
>ENST00000623970.1,1.0
>ENST00000663398.1,1.0
>ENST00000624458.1,1.0
>ENST00000556865.1,1.0
>ENST00000647762.1,1.0
>ENST00000440903.1,1.0
>ENST00000648094.1,1.0
>ENST00000623772.1,1.0
>ENST00000646751.1,1.0
>ENST00000375640.7,1.0
>ENST00000375641.6,1.0
>ENST00000375635.6,1.0
>ENST00000375638.7,1.0
>ENST00000648677.1,1.0
>ENST00000375642.6,1.0
>ENST00000375633.5,1.0
>ENST00000395788.3,1.0
>ENST00000507461.2,1.0
>ENST00000671203.1,1.0
>ENST00000666506.1,1.0
>ENST00000663605.1,1.0
>ENST00000666004.1,1.0
>ENST00000665180.1,1.0
>ENST00000669536.1,1.0
>ENST00000667197.1,1.0
>ENST00000668566.1,1.0
>ENST00000668061.1,1.0
>ENST00000658416.1,1.0
>ENST00000665322.1,1.0
>ENST00000655479.1,1.0
>ENST00000652878.1,1.0
>ENST00000657415.1,1.0
>ENST00000653458.1,1.0
>ENST00000655714.1,1.0
>ENST00000617372.1,1.0
>ENST00000556434.5,1.0
>ENST00000556913.1,1.0
>ENST00000556130.1,1.0
>ENST00000635379.1,1.0
>ENST00000399206.4,1.0
>ENST00000658223.1,1.0
>ENST00000533506.5,1.0
>ENST00000528300.5,1.0
>ENST00000655269.1,1.0
>ENST00000529902.2,1.0
>ENST00000557142.6,1.0
>ENST00000603474.1,1.0
>ENST00000553463.1,1.0
>ENST00000553914.6,1.0
>ENST00000554129.1,1.0
>ENST00000556019.2,1.0
>ENST00000623502.1,1.0
>ENST00000635675.2,1.0
>ENST00000634934.2,1.0
>ENST00000634712.2,1.0
>ENST00000634451.2,1.0
>ENST00000635450.2,1.0
>ENST00000642072.1,1.0
>ENST00000404210.5,1.0
>ENST00000641009.1,1.0
>ENST00000452322.2,1.0
>ENST00000490765.4,1.0
>ENST00000392630.7,1.0
>ENST00000566432.1,1.0
>ENST00000648023.1,1.0
>ENST00000564862.2,1.0
>ENST00000567117.1,1.0
>ENST00000624760.1,1.0
>ENST00000588785.6,1.0
>ENST00000585457.6,1.0
>ENST00000591166.1,1.0
>ENST00000656516.1,1.0
>ENST00000592897.1,1.0
>ENST00000606861.1,1.0
>ENST00000321399.7,1.0
>ENST00000413472.5,1.0
>ENST00000453118.5,1.0
>ENST00000445317.1,1.0
>ENST00000667159.1,1.0
>ENST00000670730.1,1.0
>ENST00000435800.6,1.0
>ENST00000428411.6,1.0
>ENST00000420168.2,1.0
>ENST00000627431.2,1.0
>ENST00000413231.5,1.0
>ENST00000654334.1,1.0
>ENST00000662852.1,1.0
>ENST00000659961.1,1.0
>ENST00000665960.1,1.0
>ENST00000455967.1,1.0
>ENST00000569711.1,1.0
>ENST00000428794.1,1.0
>ENST00000413987.1,1.0
>ENST00000447507.1,1.0
>ENST00000437681.1,1.0
>ENST00000469312.6,1.0
>ENST00000490006.6,1.0
>ENST00000476432.5,1.0
>ENST00000467438.1,1.0
>ENST00000484933.6,1.0
>ENST00000589455.5,1.0
>ENST00000587165.1,1.0
>ENST00000449169.1,1.0
>ENST00000415386.2,1.0
>ENST00000418244.5,1.0
>ENST00000449386.5,1.0
>ENST00000455744.1,1.0
>ENST00000423408.6,1.0
>ENST00000427292.2,1.0
>ENST00000653076.1,1.0
>ENST00000442751.1,1.0
>ENST00000428461.1,1.0
>ENST00000438293.1,1.0
>ENST00000624927.3,1.0
>ENST00000623808.3,1.0
>ENST00000445118.7,1.0
>ENST00000669922.1,1.0
>ENST00000670780.1,1.0
>ENST00000667414.1,1.0
>ENST00000666741.1,1.0
>ENST00000623070.4,1.0
>ENST00000658846.1,1.0
>ENST00000448975.6,1.0
>ENST00000609139.6,1.0
>ENST00000609009.6,1.0
>ENST00000660797.1,1.0
>ENST00000425657.1,1.0
>ENST00000515342.4,1.0
>ENST00000623565.3,1.0
>ENST00000505296.1,1.0
>ENST00000310916.6,1.0
>ENST00000650369.1,1.0
>ENST00000669314.1,1.0
>ENST00000667108.1,1.0
>ENST00000420587.5,1.0
>ENST00000413628.5,1.0
>ENST00000414904.1,1.0
>ENST00000434072.1,1.0
>ENST00000416598.2,1.0
>ENST00000610197.1,1.0
>ENST00000432897.5,1.0
>ENST00000434141.1,1.0
>ENST00000610175.1,1.0
>ENST00000608833.1,1.0
>ENST00000591882.1,1.0
>ENST00000587466.5,1.0
>ENST00000588227.5,1.0
>ENST00000592898.5,1.0
>ENST00000588058.5,1.0
>ENST00000592838.5,1.0
>ENST00000591523.5,1.0
>ENST00000591173.5,1.0
>ENST00000457412.6,1.0
>ENST00000627488.2,1.0
>ENST00000628850.2,1.0
>ENST00000628558.2,1.0
>ENST00000586465.5,1.0
>ENST00000608580.5,1.0
>ENST00000609323.1,1.0
>ENST00000667877.1,1.0
>ENST00000431759.5,1.0
>ENST00000653200.1,1.0
>ENST00000664148.1,1.0
>ENST00000416689.1,1.0
>ENST00000424943.1,1.0
>ENST00000457402.1,1.0
>ENST00000424989.1,1.0
>ENST00000668045.1,1.0
>ENST00000418344.1,1.0
>ENST00000414532.6,1.0
>ENST00000454613.1,1.0
>ENST00000414763.1,1.0
>ENST00000658759.1,1.0
>ENST00000524935.1,1.0
>ENST00000449034.1,1.0
>ENST00000655030.1,1.0
>ENST00000437515.1,1.0
>ENST00000429055.1,1.0
>ENST00000626572.2,1.0
>ENST00000590413.5,1.0
>ENST00000662452.1,1.0
>ENST00000457535.5,1.0
>ENST00000625451.2,1.0
>ENST00000585330.6,1.0
>ENST00000608067.6,1.0
>ENST00000659565.1,1.0
>ENST00000609244.6,1.0
>ENST00000608486.5,1.0
>ENST00000598454.5,1.0
>ENST00000610148.5,1.0
>ENST00000608253.2,1.0
>ENST00000587691.1,1.0
>ENST00000622324.4,1.0
>ENST00000626643.3,1.0
>ENST00000630179.2,1.0
>ENST00000608602.5,1.0
>ENST00000631307.2,1.0
>ENST00000609653.5,1.0
>ENST00000609245.5,1.0
>ENST00000608152.1,1.0
>ENST00000608719.5,1.0
>ENST00000444238.6,1.0
>ENST00000608635.5,1.0
>ENST00000608077.1,1.0
>ENST00000631010.1,1.0
>ENST00000599202.5,1.0
>ENST00000630508.2,1.0
>ENST00000626531.1,1.0
>ENST00000630455.2,1.0
>ENST00000627648.2,1.0
>ENST00000627735.2,1.0
>ENST00000625992.2,1.0
>ENST00000628225.2,1.0
>ENST00000629288.2,1.0
>ENST00000630298.2,1.0
>ENST00000598350.3,1.0
>ENST00000629484.1,1.0
>ENST00000625584.1,1.0
>ENST00000453135.2,1.0
>ENST00000445039.2,1.0
>ENST00000451424.1,1.0
>ENST00000635687.1,1.0
>ENST00000635405.2,1.0
>ENST00000437157.3,1.0
>ENST00000632503.1,1.0
>ENST00000648852.1,1.0
>ENST00000649565.1,1.0
>ENST00000647996.1,1.0
>ENST00000649121.1,1.0
>ENST00000374016.5,1.0
>ENST00000484171.2,1.0
>ENST00000647970.1,1.0
>ENST00000462835.1,1.0
>ENST00000648073.1,1.0
>ENST00000623038.1,1.0
>ENST00000436742.5,1.0
>ENST00000413519.1,1.0
>ENST00000519052.5,1.0
>ENST00000677732.1,1.0
>ENST00000518529.6,1.0
>ENST00000521114.5,1.0
>ENST00000518987.5,1.0
>ENST00000524122.5,1.0
>ENST00000418548.3,1.0
>ENST00000521380.1,1.0
>ENST00000446136.1,1.0
>ENST00000432963.1,1.0
>ENST00000427857.1,1.0
>ENST00000326734.2,1.0
>ENST00000432429.5,1.0
>ENST00000414210.5,1.0
>ENST00000635029.1,1.0
>ENST00000421469.3,1.0
>ENST00000659738.1,1.0
>ENST00000659309.1,1.0
>ENST00000415330.2,1.0
>ENST00000425884.5,1.0
>ENST00000440150.5,1.0
>ENST00000457043.1,1.0
>ENST00000413531.5,1.0
>ENST00000418015.1,1.0
>ENST00000445565.2,1.0
>ENST00000667138.1,1.0
>ENST00000670000.1,1.0
>ENST00000667936.1,1.0
>ENST00000376620.3,1.0
>ENST00000420776.1,1.0
>ENST00000427804.1,1.0
>ENST00000366181.2,1.0
>ENST00000451914.2,1.0
>ENST00000653637.1,1.0
>ENST00000662108.1,1.0
>ENST00000670778.1,1.0
>ENST00000663880.1,1.0
>ENST00000398948.5,1.0
>ENST00000328264.7,1.0
>ENST00000482032.1,1.0
>ENST00000614528.3,1.0
>ENST00000624914.3,1.0
>ENST00000370523.1,1.0
>ENST00000416774.1,1.0
>ENST00000447600.1,1.0
>ENST00000435388.1,1.0
>ENST00000417975.1,1.0
>ENST00000457273.5,1.0
>ENST00000417565.5,1.0
>ENST00000413975.5,1.0
>ENST00000670031.1,1.0
>ENST00000662803.1,1.0
>ENST00000657125.1,1.0
>ENST00000432703.1,1.0
>ENST00000564479.5,1.0
>ENST00000568425.1,1.0
>ENST00000454466.1,1.0
>ENST00000439146.1,1.0
>ENST00000444327.1,1.0
>ENST00000317122.2,1.0
>ENST00000447748.5,1.0
>ENST00000635398.1,1.0
>ENST00000635626.1,1.0
>ENST00000654678.1,1.0
>ENST00000658189.1,1.0
>ENST00000666562.1,1.0
>ENST00000634604.2,1.0
>ENST00000647968.1,1.0
>ENST00000654680.1,1.0
>ENST00000668343.1,1.0
>ENST00000669029.1,1.0
>ENST00000415842.5,1.0
>ENST00000664673.1,1.0
>ENST00000444349.6,1.0
>ENST00000663993.1,1.0
>ENST00000658816.1,1.0
>ENST00000670320.1,1.0
>ENST00000634799.1,1.0
>ENST00000442558.5,1.0
>ENST00000593954.6,1.0
>ENST00000634962.1,1.0
>ENST00000413825.7,1.0
>ENST00000609411.6,1.0
>ENST00000624750.3,1.0
>ENST00000595613.5,1.0
>ENST00000627733.2,1.0
>ENST00000623085.3,1.0
>ENST00000623349.3,1.0
>ENST00000598129.5,1.0
>ENST00000598612.5,1.0
>ENST00000660327.1,1.0
>ENST00000662075.1,1.0
>ENST00000671269.1,1.0
>ENST00000655418.1,1.0
>ENST00000667522.1,1.0
>ENST00000654486.1,1.0
>ENST00000423984.2,1.0
>ENST00000554360.5,1.0
>ENST00000556002.5,1.0
>ENST00000555275.5,1.0
>ENST00000555162.1,1.0
>ENST00000555707.5,1.0
>ENST00000556225.1,1.0
>ENST00000556400.5,1.0
>ENST00000557660.5,1.0
>ENST00000553657.5,1.0
>ENST00000557412.1,1.0
>ENST00000551597.6,1.0
>ENST00000555037.1,1.0
>ENST00000554309.1,1.0
>ENST00000498308.1,1.0
>ENST00000650032.1,1.0
>ENST00000556047.1,1.0
>ENST00000647388.1,1.0
>ENST00000423414.5,1.0
>ENST00000433079.5,1.0
>ENST00000642156.1,1.0
>ENST00000451786.5,1.0
>ENST00000443623.5,1.0
>ENST00000645248.1,1.0
>ENST00000642602.1,1.0
>ENST00000647288.1,1.0
>ENST00000643135.1,1.0
>ENST00000643855.1,1.0
>ENST00000644188.1,1.0
>ENST00000435523.5,1.0
>ENST00000431189.1,1.0
>ENST00000642483.1,1.0
>ENST00000416999.1,1.0
>ENST00000429901.2,1.0
>ENST00000682294.1,1.0
>ENST00000435880.6,1.0
>ENST00000667874.1,1.0
>ENST00000596259.3,1.0
>ENST00000626343.2,1.0
>ENST00000627325.2,1.0
>ENST00000628837.2,1.0
>ENST00000630522.2,1.0
>ENST00000625864.2,1.0
>ENST00000625625.2,1.0
>ENST00000628305.2,1.0
>ENST00000625447.2,1.0
>ENST00000626515.2,1.0
>ENST00000628308.2,1.0
>ENST00000628659.2,1.0
>ENST00000629084.2,1.0
>ENST00000629603.2,1.0
>ENST00000625215.2,1.0
>ENST00000627630.2,1.0
>ENST00000625439.2,1.0
>ENST00000626735.2,1.0
>ENST00000628920.2,1.0
>ENST00000626834.2,1.0
>ENST00000626370.2,1.0
>ENST00000629605.2,1.0
>ENST00000627327.2,1.0
>ENST00000627918.2,1.0
>ENST00000627181.2,1.0
>ENST00000629339.2,1.0
>ENST00000630214.2,1.0
>ENST00000629533.2,1.0
>ENST00000628883.2,1.0
>ENST00000626898.2,1.0
>ENST00000628201.2,1.0
>ENST00000613944.3,1.0
>ENST00000630457.2,1.0
>ENST00000629184.2,1.0
>ENST00000628551.2,1.0
>ENST00000627398.2,1.0
>ENST00000625783.2,1.0
>ENST00000625490.2,1.0
>ENST00000627050.2,1.0
>ENST00000630759.2,1.0
>ENST00000628667.2,1.0
>ENST00000626632.2,1.0
>ENST00000626609.2,1.0
>ENST00000625888.2,1.0
>ENST00000629506.2,1.0
>ENST00000631107.2,1.0
>ENST00000628147.2,1.0
>ENST00000628322.2,1.0
>ENST00000626440.2,1.0
>ENST00000665708.1,1.0
>ENST00000655086.1,1.0
>ENST00000420309.6,1.0
>ENST00000627487.3,1.0
>ENST00000626769.2,1.0
>ENST00000670036.1,1.0
>ENST00000655096.1,1.0
>ENST00000594376.6,1.0
>ENST00000657291.1,1.0
>ENST00000664483.1,1.0
>ENST00000456161.5,1.0
>ENST00000629304.1,1.0
>ENST00000627074.2,1.0
>ENST00000625227.2,1.0
>ENST00000629407.2,1.0
>ENST00000612430.3,1.0
>ENST00000418308.5,1.0
>ENST00000630283.2,1.0
>ENST00000598586.1,1.0
>ENST00000627542.2,1.0
>ENST00000626574.2,1.0
>ENST00000596028.5,1.0
>ENST00000452431.5,1.0
>ENST00000629374.2,1.0
>ENST00000423402.5,1.0
>ENST00000629188.2,1.0
>ENST00000434781.5,1.0
>ENST00000626162.2,1.0
>ENST00000654878.1,1.0
>ENST00000659586.1,1.0
>ENST00000457770.6,1.0
>ENST00000612876.4,1.0
>ENST00000666075.1,1.0
>ENST00000668711.1,1.0
>ENST00000625955.3,1.0
>ENST00000653596.1,1.0
>ENST00000660903.1,1.0
>ENST00000669583.1,1.0
>ENST00000659941.1,1.0
>ENST00000653606.1,1.0
>ENST00000661703.1,1.0
>ENST00000655058.1,1.0
>ENST00000366234.7,1.0
>ENST00000625518.2,1.0
>ENST00000458686.5,1.0
>ENST00000432604.5,1.0
>ENST00000657164.1,1.0
>ENST00000670786.1,1.0
>ENST00000603347.5,1.0
>ENST00000604346.5,1.0
>ENST00000413791.5,1.0
>ENST00000416506.5,1.0
>ENST00000664958.1,1.0
>ENST00000666167.1,1.0
>ENST00000653289.1,1.0
>ENST00000659531.1,1.0
>ENST00000653811.1,1.0
>ENST00000654716.1,1.0
>ENST00000439670.6,1.0
>ENST00000667952.1,1.0
>ENST00000609543.6,1.0
>ENST00000668191.1,1.0
>ENST00000626558.3,1.0
>ENST00000662224.1,1.0
>ENST00000664754.1,1.0
>ENST00000662103.1,1.0
>ENST00000629943.3,1.0
>ENST00000625788.3,1.0
>ENST00000442040.5,1.0
>ENST00000627155.2,1.0
>ENST00000614826.4,1.0
>ENST00000601396.5,1.0
>ENST00000602091.1,1.0
>ENST00000662425.1,1.0
>ENST00000596573.5,1.0
>ENST00000594548.5,1.0
>ENST00000600002.5,1.0
>ENST00000601395.1,1.0
>ENST00000437456.5,1.0
>ENST00000415060.6,1.0
>ENST00000628102.2,1.0
>ENST00000630206.2,1.0
>ENST00000625257.2,1.0
>ENST00000596665.5,1.0
>ENST00000439892.6,1.0
>ENST00000609075.5,1.0
>ENST00000628757.2,1.0
>ENST00000610168.1,1.0
>ENST00000424748.1,1.0
>ENST00000457870.5,1.0
>ENST00000442326.1,1.0
>ENST00000499346.7,1.0
>ENST00000501652.5,1.0
>ENST00000501173.6,1.0
>ENST00000514573.5,1.0
>ENST00000508353.5,1.0
>ENST00000606855.1,1.0
>ENST00000512185.1,1.0
>ENST00000508878.5,1.0
>ENST00000660408.1,1.0
>ENST00000657475.1,1.0
>ENST00000665302.1,1.0
>ENST00000661552.1,1.0
>ENST00000665599.1,1.0
>ENST00000657683.1,1.0
>ENST00000656154.1,1.0
>ENST00000663976.1,1.0
>ENST00000442839.5,1.0
>ENST00000418985.1,1.0
>ENST00000541578.6,1.0
>ENST00000537068.5,1.0
>ENST00000538654.6,1.0
>ENST00000658540.1,1.0
>ENST00000661616.1,1.0
>ENST00000670469.1,1.0
>ENST00000664307.1,1.0
>ENST00000671236.1,1.0
>ENST00000544550.6,1.0
>ENST00000660730.1,1.0
>ENST00000660960.1,1.0
>ENST00000662229.1,1.0
>ENST00000663237.1,1.0
>ENST00000535689.6,1.0
>ENST00000656268.1,1.0
>ENST00000665512.1,1.0
>ENST00000544983.2,1.0
>ENST00000661936.1,1.0
>ENST00000535076.6,1.0
>ENST00000545920.2,1.0
>ENST00000670502.1,1.0
>ENST00000662400.1,1.0
>ENST00000652879.1,1.0
>ENST00000656241.1,1.0
>ENST00000663092.1,1.0
>ENST00000545440.5,1.0
>ENST00000541615.5,1.0
>ENST00000545688.5,1.0
>ENST00000540865.5,1.0
>ENST00000565493.2,1.0
>ENST00000655847.1,1.0
>ENST00000673634.1,1.0
>ENST00000673729.1,1.0
>ENST00000673640.1,1.0
>ENST00000673769.1,1.0
>ENST00000674091.1,1.0
>ENST00000668100.1,1.0
>ENST00000657203.1,1.0
>ENST00000659276.1,1.0
>ENST00000659725.1,1.0
>ENST00000624128.2,1.0
>ENST00000623163.4,1.0
>ENST00000650155.1,1.0
>ENST00000589187.5,1.0
>ENST00000661011.1,1.0
>ENST00000658742.1,1.0
>ENST00000658584.1,1.0
>ENST00000666667.1,1.0
>ENST00000665113.1,1.0
>ENST00000587692.6,1.0
>ENST00000656092.1,1.0
>ENST00000670094.1,1.0
>ENST00000658919.1,1.0
>ENST00000663073.1,1.0
>ENST00000667693.1,1.0
>ENST00000667421.1,1.0
>ENST00000668505.1,1.0
>ENST00000659811.1,1.0
>ENST00000664449.1,1.0
>ENST00000655834.1,1.0
>ENST00000655881.1,1.0
>ENST00000659484.1,1.0
>ENST00000660580.1,1.0
>ENST00000661360.1,1.0
>ENST00000667545.1,1.0
>ENST00000670410.1,1.0
>ENST00000669824.1,1.0
>ENST00000624295.3,1.0
>ENST00000625175.3,1.0
>ENST00000453754.5,1.0
>ENST00000667622.1,1.0
>ENST00000623267.3,1.0
>ENST00000625453.1,1.0
>ENST00000631278.1,1.0
>ENST00000630780.1,1.0
>ENST00000627125.1,1.0
>ENST00000639185.1,1.0
>ENST00000660546.1,1.0
>ENST00000640437.1,1.0
>ENST00000656624.1,1.0
>ENST00000659254.1,1.0
>ENST00000657910.1,1.0
>ENST00000662120.1,1.0
>ENST00000670506.1,1.0
>ENST00000667573.1,1.0
>ENST00000654137.1,1.0
>ENST00000658649.1,1.0
>ENST00000653479.1,1.0
>ENST00000602772.5,1.0
>ENST00000667645.1,1.0
>ENST00000655879.1,1.0
>ENST00000602895.6,1.0
>ENST00000654995.1,1.0
>ENST00000663027.1,1.0
>ENST00000670503.1,1.0
>ENST00000657096.1,1.0
>ENST00000602737.6,1.0
>ENST00000662543.1,1.0
>ENST00000661546.1,1.0
>ENST00000671476.1,1.0
>ENST00000660087.1,1.0
>ENST00000657638.1,1.0
>ENST00000655994.1,1.0
>ENST00000659373.1,1.0
>ENST00000670805.1,1.0
>ENST00000654196.1,1.0
>ENST00000671021.1,1.0
>ENST00000667294.1,1.0
>ENST00000602294.6,1.0
>ENST00000656509.1,1.0
>ENST00000659852.1,1.0
>ENST00000654005.1,1.0
>ENST00000664295.1,1.0
>ENST00000453317.1,1.0
>ENST00000664328.1,1.0
>ENST00000653929.1,1.0
>ENST00000659622.1,1.0
>ENST00000415215.1,1.0
>ENST00000671518.1,1.0
>ENST00000666059.1,1.0
>ENST00000668488.1,1.0
>ENST00000475947.7,1.0
>ENST00000584177.5,1.0
>ENST00000583400.7,1.0
>ENST00000654778.1,1.0
>ENST00000669136.1,1.0
>ENST00000659884.1,1.0
>ENST00000654561.1,1.0
>ENST00000653954.1,1.0
>ENST00000480811.6,1.0
>ENST00000484836.2,1.0
>ENST00000655540.1,1.0
>ENST00000581361.5,1.0
>ENST00000580770.5,1.0
>ENST00000475953.5,1.0
>ENST00000578380.6,1.0
>ENST00000470491.6,1.0
>ENST00000581913.5,1.0
>ENST00000660462.1,1.0
>ENST00000478103.6,1.0
>ENST00000472367.5,1.0
>ENST00000483588.2,1.0
>ENST00000650463.1,1.0
>ENST00000441724.1,1.0
>ENST00000672481.1,1.0
>ENST00000672769.1,1.0
>ENST00000672067.1,1.0
>ENST00000672029.1,1.0
>ENST00000672299.1,1.0
>ENST00000568997.5,1.0
>ENST00000561824.5,1.0
>ENST00000569959.5,1.0
>ENST00000566712.2,1.0
>ENST00000660873.1,1.0
>ENST00000667674.1,1.0
>ENST00000600652.1,1.0
>ENST00000671586.1,1.0
>ENST00000604157.1,1.0
>ENST00000398804.7,1.0
>ENST00000453015.1,1.0
>ENST00000663424.1,1.0
>ENST00000659644.1,1.0
>ENST00000455406.6,1.0
>ENST00000654734.1,1.0
>ENST00000671179.1,1.0
>ENST00000634641.1,1.0
>ENST00000627548.2,1.0
>ENST00000599146.5,1.0
>ENST00000626344.2,1.0
>ENST00000630994.2,1.0
>ENST00000627516.2,1.0
>ENST00000630926.2,1.0
>ENST00000596952.5,1.0
>ENST00000625896.2,1.0
>ENST00000663294.1,1.0
>ENST00000413421.5,1.0
>ENST00000628635.2,1.0
>ENST00000626510.2,1.0
>ENST00000628683.2,1.0
>ENST00000628797.2,1.0
>ENST00000628450.2,1.0
>ENST00000594152.5,1.0
>ENST00000583678.6,1.0
>ENST00000670550.1,1.0
>ENST00000630885.2,1.0
>ENST00000628670.2,1.0
>ENST00000630350.2,1.0
>ENST00000600103.1,1.0
>ENST00000411721.1,1.0
>ENST00000430605.1,1.0
>ENST00000586006.5,1.0
>ENST00000587306.5,1.0
>ENST00000587066.5,1.0
>ENST00000585499.5,1.0
>ENST00000585415.5,1.0
>ENST00000623721.3,1.0
>ENST00000590186.5,1.0
>ENST00000625045.2,1.0
>ENST00000591654.5,1.0
>ENST00000624050.1,1.0
>ENST00000445180.2,1.0
>ENST00000408886.4,1.0
>ENST00000613450.4,1.0
>ENST00000616111.2,1.0
>ENST00000414504.6,1.0
>ENST00000665905.1,1.0
>ENST00000678624.1,1.0
>ENST00000660386.1,1.0
>ENST00000677785.1,1.0
>ENST00000460115.5,1.0
>ENST00000467245.5,1.0
>ENST00000657841.1,1.0
>ENST00000422999.2,1.0
>ENST00000463275.1,1.0
>ENST00000469754.3,1.0
>ENST00000478860.5,1.0
>ENST00000461527.7,1.0
>ENST00000463474.7,1.0
>ENST00000468168.5,1.0
>ENST00000476738.5,1.0
>ENST00000467721.5,1.0
>ENST00000468522.5,1.0
>ENST00000490577.5,1.0
>ENST00000491341.5,1.0
>ENST00000491615.5,1.0
>ENST00000659280.2,1.0
>ENST00000484529.5,1.0
>ENST00000475913.5,1.0
>ENST00000485007.5,1.0
>ENST00000473075.3,1.0
>ENST00000483444.5,1.0
>ENST00000469127.5,1.0
>ENST00000463357.5,1.0
>ENST00000489542.6,1.0
>ENST00000491482.5,1.0
>ENST00000474630.6,1.0
>ENST00000479420.5,1.0
>ENST00000470726.7,1.0
>ENST00000647700.1,1.0
>ENST00000483169.6,1.0
>ENST00000469095.6,1.0
>ENST00000484869.6,1.0
>ENST00000498557.5,1.0
>ENST00000472136.5,1.0
>ENST00000462427.2,1.0
>ENST00000460525.6,1.0
>ENST00000484606.1,1.0
>ENST00000650910.1,1.0
>ENST00000652753.1,1.0
>ENST00000671384.1,1.0
>ENST00000650996.1,1.0
>ENST00000668174.1,1.0
>ENST00000413510.4,1.0
>ENST00000658273.1,1.0
>ENST00000659039.1,1.0
>ENST00000655996.1,1.0
>ENST00000657380.1,1.0
>ENST00000382086.6,1.0
>ENST00000577714.1,1.0
>ENST00000461286.4,1.0
>ENST00000248980.9,1.0
>ENST00000657516.1,1.0
>ENST00000669415.1,1.0
>ENST00000419368.1,1.0
>ENST00000439759.6,1.0
>ENST00000579945.1,1.0
>ENST00000445414.1,1.0
>ENST00000542084.1,1.0
>ENST00000438873.1,1.0
>ENST00000414046.3,1.0
>ENST00000666495.2,1.0
>ENST00000467369.2,1.0
>ENST00000674016.1,1.0
>ENST00000515734.2,1.0
>ENST00000661844.1,1.0
>ENST00000667192.1,1.0
>ENST00000663388.1,1.0
>ENST00000506884.2,1.0
>ENST00000674007.1,1.0
>ENST00000673670.1,1.0
>ENST00000673825.1,1.0
>ENST00000674024.1,1.0
>ENST00000664492.1,1.0
>ENST00000675214.1,1.0
>ENST00000675671.1,1.0
>ENST00000674913.1,1.0
>ENST00000438934.5,1.0
>ENST00000675978.1,1.0
>ENST00000440005.6,1.0
>ENST00000424407.1,1.0
>ENST00000609839.2,1.0
>ENST00000357168.6,1.0
>ENST00000460130.5,1.0
>ENST00000483087.5,1.0
>ENST00000459662.5,1.0
>ENST00000467865.5,1.0
>ENST00000352367.10,1.0
>ENST00000497248.5,1.0
>ENST00000486671.1,1.0
>ENST00000465501.5,1.0
>ENST00000495696.1,1.0
>ENST00000623342.1,1.0
>ENST00000664962.1,1.0
>ENST00000654746.1,1.0
>ENST00000670001.1,1.0
>ENST00000250805.5,1.0
>ENST00000445504.3,1.0
>ENST00000381361.4,1.0
>ENST00000381363.4,1.0
>ENST00000428207.4,1.0
>ENST00000443596.1,1.0
>ENST00000442119.6,1.0
>ENST00000590479.5,1.0
>ENST00000609228.1,1.0
>ENST00000609983.1,1.0
>ENST00000671444.1,1.0
>ENST00000656209.1,1.0
>ENST00000494911.5,1.0
>ENST00000395900.1,1.0
>ENST00000459866.1,1.0
>ENST00000525436.1,1.0
>ENST00000442957.1,1.0
>ENST00000571434.1,1.0
>ENST00000454365.1,1.0
>ENST00000666106.1,1.0
>ENST00000382378.6,1.0
>ENST00000650763.1,1.0
>ENST00000655231.1,1.0
>ENST00000612326.5,1.0
>ENST00000669746.1,1.0
>ENST00000663888.1,1.0
>ENST00000556407.5,1.0
>ENST00000648456.1,1.0
>ENST00000429159.6,1.0
>ENST00000648802.1,1.0
>ENST00000650513.1,1.0
>ENST00000649036.1,1.0
>ENST00000647780.1,1.0
>ENST00000452120.7,1.0
>ENST00000424076.9,1.0
>ENST00000522771.9,1.0
>ENST00000649261.1,1.0
>ENST00000648609.1,1.0
>ENST00000412736.7,1.0
>ENST00000423456.6,1.0
>ENST00000519709.6,1.0
>ENST00000521404.5,1.0
>ENST00000554639.5,1.0
>ENST00000650549.1,1.0
>ENST00000455286.1,1.0
>ENST00000452514.6,1.0
>ENST00000398474.7,1.0
>ENST00000648950.1,1.0
>ENST00000648512.1,1.0
>ENST00000649174.1,1.0
>ENST00000649161.1,1.0
>ENST00000650556.1,1.0
>ENST00000398461.5,1.0
>ENST00000455531.1,1.0
>ENST00000524131.5,1.0
>ENST00000522618.1,1.0
>ENST00000398460.3,1.0
>ENST00000441418.2,1.0
>ENST00000417072.1,1.0
>ENST00000371086.3,1.0
>ENST00000420557.3,1.0
>ENST00000449175.1,1.0
>ENST00000400581.2,1.0
>ENST00000651670.1,1.0
>ENST00000653671.1,1.0
>ENST00000652128.1,1.0
>ENST00000330337.2,1.0
>ENST00000505047.2,1.0
>ENST00000650923.1,1.0
>ENST00000652699.1,1.0
>ENST00000651886.1,1.0
>ENST00000667260.1,1.0
>ENST00000650897.1,1.0
>ENST00000651032.1,1.0
>ENST00000652153.1,1.0
>ENST00000652348.1,1.0
>ENST00000324446.3,1.0
>ENST00000660026.1,1.0
>ENST00000663061.1,1.0
>ENST00000669716.1,1.0
>ENST00000657901.1,1.0
>ENST00000664804.1,1.0
>ENST00000454875.2,1.0
>ENST00000658318.1,1.0
>ENST00000656768.1,1.0
>ENST00000651355.1,1.0
>ENST00000452584.5,1.0
>ENST00000331787.2,1.0
>ENST00000667450.1,1.0
>ENST00000447937.1,1.0
>ENST00000397841.5,1.0
>ENST00000657006.1,1.0
>ENST00000658179.1,1.0
>ENST00000667826.1,1.0
>ENST00000663249.1,1.0
>ENST00000654166.1,1.0
>ENST00000330551.3,1.0
>ENST00000475197.1,1.0
>ENST00000253838.3,1.0
>ENST00000329684.7,1.0
>ENST00000426035.1,1.0
>ENST00000478613.5,1.0
>ENST00000469658.5,1.0
>ENST00000495344.5,1.0
>ENST00000465532.5,1.0
>ENST00000357704.8,1.0
>ENST00000664255.1,1.0
>ENST00000669618.1,1.0
>ENST00000654699.1,1.0
>ENST00000662409.1,1.0
>ENST00000660130.1,1.0
>ENST00000670353.1,1.0
>ENST00000534914.6,1.0
>ENST00000667464.1,1.0
>ENST00000423222.5,1.0
>ENST00000663427.1,1.0
>ENST00000653287.1,1.0
>ENST00000656886.1,1.0
>ENST00000659698.1,1.0
>ENST00000653498.1,1.0
>ENST00000448567.2,1.0
>ENST00000660843.1,1.0
>ENST00000654903.1,1.0
>ENST00000610948.1,1.0
>ENST00000429940.7,1.0
>ENST00000653292.1,1.0
>ENST00000659650.1,1.0
>ENST00000662209.1,1.0
>ENST00000670637.1,1.0
>ENST00000667964.1,1.0
>ENST00000633876.1,1.0
>ENST00000632329.1,1.0
>ENST00000634052.1,1.0
>ENST00000633829.1,1.0
>ENST00000631506.1,1.0
>ENST00000633349.1,1.0
>ENST00000632130.1,1.0
>ENST00000632412.1,1.0
>ENST00000633115.1,1.0
>ENST00000633706.1,1.0
>ENST00000534991.3,1.0
>ENST00000509012.5,1.0
>ENST00000507869.6,1.0
>ENST00000505537.1,1.0
>ENST00000513752.5,1.0
>ENST00000315302.6,1.0
>ENST00000508968.1,1.0
>ENST00000669431.1,1.0
>ENST00000507044.1,1.0
>ENST00000578730.1,1.0
>ENST00000514984.1,1.0
>ENST00000581398.1,1.0
>ENST00000505364.1,1.0
>ENST00000642796.1,1.0
>ENST00000643589.1,1.0
>ENST00000642451.1,1.0
>ENST00000646386.1,1.0
>ENST00000644478.1,1.0
>ENST00000331944.10,1.0
>ENST00000409139.6,1.0
>ENST00000644577.1,1.0
>ENST00000643743.1,1.0
>ENST00000644125.1,1.0
>ENST00000409898.2,1.0
>ENST00000645257.1,1.0
>ENST00000419680.6,1.0
>ENST00000643070.1,1.0
>ENST00000414584.1,1.0
>ENST00000455131.5,1.0
>ENST00000646636.1,1.0
>ENST00000642293.1,1.0
>ENST00000423846.5,1.0
>ENST00000646865.1,1.0
>ENST00000645138.1,1.0
>ENST00000414030.6,1.0
>ENST00000437561.1,1.0
>ENST00000629257.1,1.0
>ENST00000645729.1,1.0
>ENST00000413202.1,1.0
>ENST00000643509.1,1.0
>ENST00000643321.1,1.0
>ENST00000603948.5,1.0
>ENST00000612724.1,1.0
>ENST00000642872.1,1.0
>ENST00000380612.8,1.0
>ENST00000670883.1,1.0
>ENST00000670049.1,1.0
>ENST00000661806.1,1.0
>ENST00000329618.7,1.0
>ENST00000330490.3,1.0
>ENST00000354333.5,1.0
>ENST00000465978.1,1.0
>ENST00000590829.5,1.0
>ENST00000669476.1,1.0
>ENST00000664725.1,1.0
>ENST00000432735.5,1.0
>ENST00000588753.1,1.0
>ENST00000420074.1,1.0
>ENST00000412526.5,1.0
>ENST00000455939.1,1.0
>ENST00000546512.5,1.0
>ENST00000549354.6,1.0
>ENST00000549131.1,1.0
>ENST00000552608.6,1.0
>ENST00000547102.5,1.0
>ENST00000453698.6,1.0
>ENST00000483342.6,1.0
>ENST00000656815.1,1.0
>ENST00000657911.1,1.0
>ENST00000400436.6,1.0
>ENST00000661733.1,1.0
>ENST00000669083.1,1.0
>ENST00000656427.1,1.0
>ENST00000432153.6,1.0
>ENST00000666350.1,1.0
>ENST00000667760.1,1.0
>ENST00000666020.1,1.0
>ENST00000656824.1,1.0
>ENST00000670145.1,1.0
>ENST00000661378.1,1.0
>ENST00000669338.1,1.0
>ENST00000663763.1,1.0
>ENST00000669976.1,1.0
>ENST00000418383.2,1.0
>ENST00000669207.1,1.0
>ENST00000442419.2,1.0
>ENST00000656502.1,1.0
>ENST00000444816.2,1.0
>ENST00000483544.1,1.0
>ENST00000560153.2,1.0
>ENST00000585832.3,1.0
>ENST00000602372.1,1.0
>ENST00000602814.1,1.0
>ENST00000662052.1,1.0
>ENST00000657571.1,1.0
>ENST00000634806.1,1.0
>ENST00000635067.1,1.0
>ENST00000635212.1,1.0
>ENST00000326539.6,1.0
>ENST00000375670.1,1.0
>ENST00000412102.5,1.0
>ENST00000457881.5,1.0
>ENST00000586552.5,1.0
>ENST00000589300.1,1.0
>ENST00000442967.1,1.0
>ENST00000441234.1,1.0
>ENST00000450728.1,1.0
>ENST00000416200.1,1.0
>ENST00000668832.1,1.0
>ENST00000666719.1,1.0
>ENST00000375987.3,1.0
>ENST00000668648.1,1.0
>ENST00000578387.1,1.0
>ENST00000645185.1,1.0
>ENST00000430327.6,1.0
>ENST00000440221.2,1.0
>ENST00000414699.1,1.0
>ENST00000366314.4,1.0
>ENST00000307548.2,1.0
>ENST00000496285.6,1.0
>ENST00000655125.1,1.0
>ENST00000662081.1,1.0
>ENST00000491317.1,1.0
>ENST00000455084.1,1.0
>ENST00000651837.1,1.0
>ENST00000666666.1,1.0
>ENST00000670518.1,1.0
>ENST00000666990.1,1.0
>ENST00000661812.1,1.0
>ENST00000654569.1,1.0
>ENST00000662223.1,1.0
>ENST00000658891.1,1.0
>ENST00000667496.1,1.0
>ENST00000659275.1,1.0
>ENST00000457100.5,1.0
>ENST00000276770.8,1.0
>ENST00000449828.1,1.0
>ENST00000324988.3,1.0
>ENST00000416110.1,1.0
>ENST00000453955.1,1.0
>ENST00000430228.1,1.0
>ENST00000416945.2,1.0
>ENST00000414008.3,1.0
>ENST00000412495.5,1.0
>ENST00000475015.5,1.0
>ENST00000436101.1,1.0
>ENST00000414722.5,1.0
>ENST00000426021.5,1.0
>ENST00000454781.6,1.0
>ENST00000454857.6,1.0
>ENST00000614455.4,1.0
>ENST00000622752.1,1.0
>ENST00000439517.2,1.0
>ENST00000657543.1,1.0
>ENST00000314315.7,1.0
>ENST00000586395.2,1.0
>ENST00000581640.5,1.0
>ENST00000578829.5,1.0
>ENST00000585273.5,1.0
>ENST00000584840.5,1.0
>ENST00000454482.2,1.0
>ENST00000662473.1,1.0
>ENST00000662612.1,1.0
>ENST00000432141.1,1.0
>ENST00000317019.2,1.0
>ENST00000531711.1,1.0
>ENST00000420873.2,1.0
>ENST00000667465.1,1.0
>ENST00000549957.1,1.0
>ENST00000663992.1,1.0
>ENST00000663541.1,1.0
>ENST00000663575.1,1.0
>ENST00000659498.1,1.0
>ENST00000662127.1,1.0
>ENST00000653894.1,1.0
>ENST00000426250.4,1.0
>ENST00000668395.1,1.0
>ENST00000667144.1,1.0
>ENST00000658779.1,1.0
>ENST00000661366.1,1.0
>ENST00000550334.2,1.0
>ENST00000656147.1,1.0
>ENST00000655489.1,1.0
>ENST00000665830.1,1.0
>ENST00000318426.6,1.0
>ENST00000539026.1,1.0
>ENST00000532841.5,1.0
>ENST00000531049.1,1.0
>ENST00000663212.1,1.0
>ENST00000654925.1,1.0
>ENST00000500370.2,1.0
>ENST00000555866.5,1.0
>ENST00000667310.1,1.0
>ENST00000660378.1,1.0
>ENST00000667668.1,1.0
>ENST00000560255.2,1.0
>ENST00000321800.11,1.0
>ENST00000544677.1,1.0
>ENST00000579749.1,1.0
>ENST00000665734.1,1.0
>ENST00000613377.1,1.0
>ENST00000332012.5,1.0
>ENST00000577000.1,1.0
>ENST00000317292.8,1.0
>ENST00000586721.6,1.0
>ENST00000592709.5,1.0
>ENST00000589639.1,1.0
>ENST00000591008.2,1.0
>ENST00000669248.1,1.0
>ENST00000662725.1,1.0
>ENST00000656469.1,1.0
>ENST00000653355.1,1.0
>ENST00000663804.1,1.0
>ENST00000658545.1,1.0
>ENST00000669889.1,1.0
>ENST00000665092.1,1.0
>ENST00000653316.1,1.0
>ENST00000666056.1,1.0
>ENST00000670131.1,1.0
>ENST00000660172.1,1.0
>ENST00000655163.1,1.0
>ENST00000658818.1,1.0
>ENST00000669700.1,1.0
>ENST00000592663.6,1.0
>ENST00000367207.7,1.0
>ENST00000418245.5,1.0
>ENST00000427799.1,1.0
>ENST00000656706.1,1.0
>ENST00000446880.5,1.0
>ENST00000543656.2,1.0
>ENST00000443642.1,1.0
>ENST00000450199.1,1.0
>ENST00000457853.1,1.0
>ENST00000653970.1,1.0
>ENST00000655925.1,1.0
>ENST00000663616.1,1.0
>ENST00000655316.1,1.0
>ENST00000664104.1,1.0
>ENST00000655675.1,1.0
>ENST00000653657.1,1.0
>ENST00000426753.6,1.0
>ENST00000428772.5,1.0
>ENST00000431181.5,1.0
>ENST00000427691.5,1.0
>ENST00000432910.5,1.0
>ENST00000437035.5,1.0
>ENST00000421257.1,1.0
>ENST00000427820.1,1.0
>ENST00000668954.1,1.0
>ENST00000657038.1,1.0
>ENST00000655034.1,1.0
>ENST00000654422.1,1.0
>ENST00000664147.1,1.0
>ENST00000664304.1,1.0
>ENST00000667581.1,1.0
>ENST00000662972.1,1.0
>ENST00000655816.1,1.0
>ENST00000654943.1,1.0
>ENST00000664219.1,1.0
>ENST00000664403.1,1.0
>ENST00000664414.1,1.0
>ENST00000654960.1,1.0
>ENST00000660397.1,1.0
>ENST00000665017.1,1.0
>ENST00000653739.1,1.0
>ENST00000654397.1,1.0
>ENST00000655544.1,1.0
>ENST00000657582.1,1.0
>ENST00000664016.1,1.0
>ENST00000667664.1,1.0
>ENST00000659996.1,1.0
>ENST00000671388.1,1.0
>ENST00000654258.1,1.0
>ENST00000671305.1,1.0
>ENST00000662790.1,1.0
>ENST00000666811.1,1.0
>ENST00000660970.1,1.0
>ENST00000668275.1,1.0
>ENST00000665518.1,1.0
>ENST00000653814.1,1.0
>ENST00000659494.1,1.0
>ENST00000653415.1,1.0
>ENST00000655737.1,1.0
>ENST00000663620.1,1.0
>ENST00000667249.1,1.0
>ENST00000658620.1,1.0
>ENST00000668055.1,1.0
>ENST00000661019.1,1.0
>ENST00000660044.1,1.0
>ENST00000663582.1,1.0
>ENST00000652813.1,1.0
>ENST00000661179.1,1.0
>ENST00000659856.1,1.0
>ENST00000663127.1,1.0
>ENST00000446816.1,1.0
>ENST00000666290.1,1.0
>ENST00000665242.1,1.0
>ENST00000628232.2,1.0
>ENST00000629719.2,1.0
>ENST00000626582.2,1.0
>ENST00000628580.2,1.0
>ENST00000629439.2,1.0
>ENST00000627992.3,1.0
>ENST00000629547.2,1.0
>ENST00000626865.2,1.0
>ENST00000628165.2,1.0
>ENST00000627172.2,1.0
>ENST00000626718.2,1.0
>ENST00000427168.6,1.0
>ENST00000626456.2,1.0
>ENST00000593090.5,1.0
>ENST00000628238.2,1.0
>ENST00000625348.2,1.0
>ENST00000609565.5,1.0
>ENST00000610172.5,1.0
>ENST00000606100.5,1.0
>ENST00000606849.5,1.0
>ENST00000612373.4,1.0
>ENST00000653994.1,1.0
>ENST00000660098.1,1.0
>ENST00000660493.1,1.0
>ENST00000657397.1,1.0
>ENST00000457339.5,1.0
>ENST00000665546.1,1.0
>ENST00000662971.1,1.0
>ENST00000670646.1,1.0
>ENST00000664900.1,1.0
>ENST00000666914.1,1.0
>ENST00000654682.1,1.0
>ENST00000666729.1,1.0
>ENST00000655865.1,1.0
>ENST00000656014.1,1.0
>ENST00000670892.1,1.0
>ENST00000670829.1,1.0
>ENST00000659399.1,1.0
>ENST00000314481.3,1.0
>ENST00000658538.1,1.0
>ENST00000421767.1,1.0
>ENST00000416572.1,1.0
>ENST00000438894.1,1.0
>ENST00000638517.1,1.0
>ENST00000640964.1,1.0
>ENST00000416366.1,1.0
>ENST00000442578.5,1.0
>ENST00000638592.1,1.0
>ENST00000450353.3,1.0
>ENST00000412091.1,1.0
>ENST00000654214.1,1.0
>ENST00000573259.5,1.0
>ENST00000576410.5,1.0
>ENST00000574846.5,1.0
>ENST00000576096.5,1.0
>ENST00000576702.5,1.0
>ENST00000575766.1,1.0
>ENST00000665340.1,1.0
>ENST00000660874.1,1.0
>ENST00000654845.1,1.0
>ENST00000486906.2,1.0
>ENST00000653232.1,1.0
>ENST00000332558.8,1.0
>ENST00000573229.1,1.0
>ENST00000611604.2,1.0
>ENST00000630208.1,1.0
>ENST00000542933.5,1.0
>ENST00000429892.5,1.0
>ENST00000537157.5,1.0
>ENST00000428029.6,1.0
>ENST00000541694.5,1.0
>ENST00000543167.5,1.0
>ENST00000535643.5,1.0
>ENST00000543334.5,1.0
>ENST00000535614.5,1.0
>ENST00000538335.1,1.0
>ENST00000654922.1,1.0
>ENST00000656108.1,1.0
>ENST00000666283.1,1.0
>ENST00000665200.1,1.0
>ENST00000674829.1,1.0
>ENST00000656645.1,1.0
>ENST00000675279.1,1.0
>ENST00000675949.1,1.0
>ENST00000340510.8,1.0
>ENST00000668152.1,1.0
>ENST00000658784.1,1.0
>ENST00000421331.1,1.0
>ENST00000397787.5,1.0
>ENST00000534336.1,1.0
>ENST00000617791.1,1.0
>ENST00000610481.1,1.0
>ENST00000508832.2,1.0
>ENST00000616527.4,1.0
>ENST00000620465.4,1.0
>ENST00000618132.1,1.0
>ENST00000613376.1,1.0
>ENST00000618227.1,1.0
>ENST00000617489.1,1.0
>ENST00000616691.1,1.0
>ENST00000647665.1,1.0
>ENST00000662214.1,1.0
>ENST00000424684.2,1.0
>ENST00000667152.1,1.0
>ENST00000619222.4,1.0
>ENST00000658644.1,1.0
>ENST00000656642.1,1.0
>ENST00000456342.6,1.0
>ENST00000419952.6,1.0
>ENST00000657710.1,1.0
>ENST00000445461.7,1.0
>ENST00000667703.1,1.0
>ENST00000602892.5,1.0
>ENST00000665230.1,1.0
>ENST00000664445.1,1.0
>ENST00000656690.1,1.0
>ENST00000665504.1,1.0
>ENST00000670980.1,1.0
>ENST00000652938.1,1.0
>ENST00000658826.1,1.0
>ENST00000665282.1,1.0
>ENST00000664910.1,1.0
>ENST00000659105.1,1.0
>ENST00000667804.1,1.0
>ENST00000656619.1,1.0
>ENST00000665779.1,1.0
>ENST00000660532.1,1.0
>ENST00000655197.1,1.0
>ENST00000662647.1,1.0
>ENST00000657060.1,1.0
>ENST00000671218.1,1.0
>ENST00000669307.1,1.0
>ENST00000667011.1,1.0
>ENST00000665189.1,1.0
>ENST00000660455.1,1.0
>ENST00000660213.1,1.0
>ENST00000661987.1,1.0
>ENST00000661403.1,1.0
>ENST00000659192.1,1.0
>ENST00000665243.1,1.0
>ENST00000660287.1,1.0
>ENST00000670446.1,1.0
>ENST00000663516.1,1.0
>ENST00000602901.6,1.0
>ENST00000670108.1,1.0
>ENST00000666704.1,1.0
>ENST00000666517.1,1.0
>ENST00000671666.1,1.0
>ENST00000654245.1,1.0
>ENST00000654560.1,1.0
>ENST00000663776.1,1.0
>ENST00000667869.1,1.0
>ENST00000668571.1,1.0
>ENST00000667777.1,1.0
>ENST00000661418.1,1.0
>ENST00000654176.1,1.0
>ENST00000602620.2,1.0
>ENST00000670888.1,1.0
>ENST00000669537.1,1.0
>ENST00000662969.1,1.0
>ENST00000666636.1,1.0
>ENST00000670003.1,1.0
>ENST00000654997.1,1.0
>ENST00000657408.1,1.0
>ENST00000668830.1,1.0
>ENST00000665555.1,1.0
>ENST00000658514.1,1.0
>ENST00000666860.1,1.0
>ENST00000655848.1,1.0
>ENST00000653669.1,1.0
>ENST00000656817.1,1.0
>ENST00000655790.1,1.0
>ENST00000660794.1,1.0
>ENST00000664319.1,1.0
>ENST00000656031.1,1.0
>ENST00000663968.1,1.0
>ENST00000658724.1,1.0
>ENST00000670045.1,1.0
>ENST00000658708.1,1.0
>ENST00000658075.1,1.0
>ENST00000670290.1,1.0
>ENST00000669276.1,1.0
>ENST00000658389.1,1.0
>ENST00000663412.1,1.0
>ENST00000663661.1,1.0
>ENST00000413645.2,1.0
>ENST00000668889.1,1.0
>ENST00000653129.1,1.0
>ENST00000666465.1,1.0
>ENST00000664579.1,1.0
>ENST00000667485.1,1.0
>ENST00000654360.1,1.0
>ENST00000653624.1,1.0
>ENST00000667533.1,1.0
>ENST00000653809.1,1.0
>ENST00000671280.1,1.0
>ENST00000670538.1,1.0
>ENST00000659209.1,1.0
>ENST00000666305.1,1.0
>ENST00000653518.1,1.0
>ENST00000657239.1,1.0
>ENST00000669034.1,1.0
>ENST00000610688.2,1.0
>ENST00000334566.9,1.0
>ENST00000603530.5,1.0
>ENST00000605505.1,1.0
>ENST00000460077.1,1.0
>ENST00000657777.1,1.0
>ENST00000666755.1,1.0
>ENST00000425630.2,1.0
>ENST00000583117.1,1.0
>ENST00000652683.1,1.0
>ENST00000647993.1,1.0
>ENST00000655745.1,1.0
>ENST00000666348.1,1.0
>ENST00000355358.1,1.0
>ENST00000420815.5,1.0
>ENST00000438755.1,1.0
>ENST00000458727.1,1.0
>ENST00000632790.1,1.0
>ENST00000631858.1,1.0
>ENST00000631764.1,1.0
>ENST00000633344.1,1.0
>ENST00000631412.1,1.0
>ENST00000631988.1,1.0
>ENST00000631797.1,1.0
>ENST00000633199.1,1.0
>ENST00000632086.1,1.0
>ENST00000632351.1,1.0
>ENST00000631832.1,1.0
>ENST00000634025.1,1.0
>ENST00000631772.1,1.0
>ENST00000633151.1,1.0
>ENST00000631644.1,1.0
>ENST00000632624.2,1.0
>ENST00000633295.1,1.0
>ENST00000632203.1,1.0
>ENST00000633671.1,1.0
>ENST00000660559.1,1.0
>ENST00000666656.1,1.0
>ENST00000528390.1,1.0
>ENST00000664257.1,1.0
>ENST00000620864.1,1.0
>ENST00000414816.1,1.0
>ENST00000664715.1,1.0
>ENST00000374983.3,1.0
>ENST00000577806.1,1.0
>ENST00000581192.1,1.0
>ENST00000654728.1,1.0
>ENST00000602672.2,1.0
>ENST00000634594.1,1.0
>ENST00000424528.2,1.0
>ENST00000602852.1,1.0
>ENST00000667128.1,1.0
>ENST00000439004.1,1.0
>ENST00000659256.1,1.0
>ENST00000656904.1,1.0
>ENST00000411989.5,1.0
>ENST00000429621.1,1.0
>ENST00000663481.1,1.0
>ENST00000380990.5,1.0
>ENST00000609786.5,1.0
>ENST00000610069.1,1.0
>ENST00000660125.1,1.0
>ENST00000669762.1,1.0
>ENST00000457079.2,1.0
>ENST00000654470.1,1.0
>ENST00000659409.1,1.0
>ENST00000670584.1,1.0
>ENST00000662113.1,1.0
>ENST00000662916.1,1.0
>ENST00000669905.1,1.0
>ENST00000507444.1,1.0
>ENST00000502644.1,1.0
>ENST00000445000.2,1.0
>ENST00000477984.1,1.0
>ENST00000373171.2,1.0
>ENST00000609107.1,1.0
>ENST00000630468.1,1.0
>ENST00000648769.1,1.0
>ENST00000380970.2,1.0
>ENST00000652440.1,1.0
>ENST00000650830.1,1.0
>ENST00000652104.1,1.0
>ENST00000652029.1,1.0
>ENST00000651858.1,1.0
>ENST00000651506.1,1.0
>ENST00000651951.1,1.0
>ENST00000660958.1,1.0
>ENST00000669638.1,1.0
>ENST00000670945.1,1.0
>ENST00000659794.1,1.0
>ENST00000656718.1,1.0
>ENST00000661502.1,1.0
>ENST00000659250.1,1.0
>ENST00000659481.1,1.0
>ENST00000668489.1,1.0
>ENST00000663312.1,1.0
>ENST00000665927.1,1.0
>ENST00000656885.1,1.0
>ENST00000663138.1,1.0
>ENST00000654050.1,1.0
>ENST00000660945.1,1.0
>ENST00000429134.5,1.0
>ENST00000435452.6,1.0
>ENST00000449642.5,1.0
>ENST00000453342.5,1.0
>ENST00000458437.2,1.0
>ENST00000651909.1,1.0
>ENST00000415715.1,1.0
>ENST00000424515.2,1.0
>ENST00000453278.1,1.0
>ENST00000415896.1,1.0
>ENST00000657243.1,1.0
>ENST00000659682.1,1.0
>ENST00000670073.1,1.0
>ENST00000660851.1,1.0
>ENST00000664377.1,1.0
>ENST00000660124.1,1.0
>ENST00000667446.1,1.0
>ENST00000657149.1,1.0
>ENST00000667489.1,1.0
>ENST00000661643.1,1.0
>ENST00000657167.1,1.0
>ENST00000667793.1,1.0
>ENST00000657213.1,1.0
>ENST00000657042.1,1.0
>ENST00000663263.1,1.0
>ENST00000655668.1,1.0
>ENST00000653619.1,1.0
>ENST00000488315.5,1.0
>ENST00000461019.5,1.0
>ENST00000464939.1,1.0
>ENST00000358748.1,1.0
>ENST00000369071.4,1.0
>ENST00000419766.5,1.0
>ENST00000439852.5,1.0
>ENST00000358772.8,1.0
>ENST00000431669.5,1.0
>ENST00000428922.5,1.0
>ENST00000436945.4,1.0
>ENST00000433794.5,1.0
>ENST00000577066.2,1.0
>ENST00000423033.1,1.0
>ENST00000409786.1,1.0
>ENST00000468186.5,1.0
>ENST00000661342.1,1.0
>ENST00000519043.5,1.0
>ENST00000664877.1,1.0
>ENST00000657509.1,1.0
>ENST00000521609.5,1.0
>ENST00000523354.1,1.0
>ENST00000654392.1,1.0
>ENST00000660363.1,1.0
>ENST00000661714.1,1.0
>ENST00000667458.1,1.0
>ENST00000524210.2,1.0
>ENST00000664273.1,1.0
>ENST00000521267.5,1.0
>ENST00000660127.1,1.0
>ENST00000522221.2,1.0
>ENST00000489616.1,1.0
>ENST00000469846.2,1.0
>ENST00000629776.1,1.0
>ENST00000400831.2,1.0
>ENST00000644320.2,1.0
>ENST00000505776.1,1.0
>ENST00000583687.1,1.0
>ENST00000377320.3,1.0
>ENST00000470754.1,1.0
>ENST00000456447.5,1.0
>ENST00000296270.1,1.0
>ENST00000496717.1,1.0
>ENST00000465364.1,1.0
>ENST00000539813.1,1.0
>ENST00000575606.5,1.0
>ENST00000576606.5,1.0
>ENST00000317114.2,1.0
>ENST00000574411.5,1.0
>ENST00000573355.2,1.0
>ENST00000516881.1,1.0
>ENST00000480237.1,1.0
>ENST00000470091.1,1.0
>ENST00000489452.1,1.0
>ENST00000659479.1,1.0
>ENST00000619862.1,1.0
>ENST00000655820.1,1.0
>ENST00000661984.1,1.0
>ENST00000662175.1,1.0
>ENST00000665388.1,1.0
>ENST00000656684.1,1.0
>ENST00000667008.1,1.0
>ENST00000660569.1,1.0
>ENST00000662929.1,1.0
>ENST00000670385.1,1.0
>ENST00000661380.1,1.0
>ENST00000658483.1,1.0
>ENST00000659274.1,1.0
>ENST00000669151.1,1.0
>ENST00000657811.1,1.0
>ENST00000671507.1,1.0
>ENST00000665778.1,1.0
>ENST00000653956.1,1.0
>ENST00000569465.1,1.0
>ENST00000667109.1,1.0
>ENST00000665678.1,1.0
>ENST00000662943.1,1.0
>ENST00000657292.1,1.0
>ENST00000671018.1,1.0
>ENST00000568970.1,1.0
>ENST00000564160.1,1.0
>ENST00000618311.4,1.0
>ENST00000412919.1,1.0
>ENST00000653922.1,1.0
>ENST00000611838.1,1.0
>ENST00000647036.1,1.0
>ENST00000425033.1,1.0
>ENST00000646550.1,1.0
>ENST00000642577.1,1.0
>ENST00000644884.1,1.0
>ENST00000603064.2,1.0
>ENST00000425631.5,1.0
>ENST00000668264.1,1.0
>ENST00000654712.1,1.0
>ENST00000659019.1,1.0
>ENST00000663192.1,1.0
>ENST00000662460.1,1.0
>ENST00000663471.1,1.0
>ENST00000434181.6,1.0
>ENST00000661122.1,1.0
>ENST00000659870.1,1.0
>ENST00000414868.1,1.0
>ENST00000653768.1,1.0
>ENST00000660205.1,1.0
>ENST00000653656.1,1.0
>ENST00000431046.1,1.0
>ENST00000554808.1,1.0
>ENST00000634464.2,1.0
>ENST00000660113.1,1.0
>ENST00000658664.1,1.0
>ENST00000658851.1,1.0
>ENST00000658751.1,1.0
>ENST00000658982.1,1.0
>ENST00000654266.1,1.0
>ENST00000658241.1,1.0
>ENST00000658172.1,1.0
