,fprs,tprs,thresholds
0,0.0,0.0,2.0
1,0.0014331780723754925,0.11285038223516564,1.0
2,0.002149767108563239,0.1223152530032763,0.9999999
3,0.0025080616266571123,0.1292318893338187,0.99999976
4,0.0032246506628448583,0.1365125591554423,0.99999964
5,0.0035829451809387316,0.14306516199490354,0.9999995
6,0.004657828735220351,0.14634146341463414,0.9999994
7,0.005016123253314225,0.14998179832544595,0.9999993
8,0.00573271228950197,0.15362213323625773,0.99999917
9,0.006091006807595844,0.15653440116490716,0.99999905
10,0.006091006807595844,0.16053876956680013,0.9999989
11,0.006449301325689717,0.16235893702220605,0.9999988
12,0.006449301325689717,0.16417910447761194,0.9999987
13,0.007165890361877463,0.16672733891518018,0.99999857
14,0.007524184879971337,0.16963960684382964,0.99999845
15,0.007524184879971337,0.17109574080815435,0.9999982
16,0.008240773916159082,0.17255187477247907,0.9999981
17,0.00895736295234683,0.17364397524572261,0.999998
18,0.00895736295234683,0.17400800873680378,0.99999785
19,0.00895736295234683,0.17510010921004732,0.99999774
20,0.009673951988534575,0.1758281761922097,0.9999976
21,0.009673951988534575,0.1772843101565344,0.9999975
22,0.010390541024722321,0.1791044776119403,0.9999974
23,0.010390541024722321,0.18201674554058975,0.99999714
24,0.010390541024722321,0.1827448125227521,0.999997
25,0.010390541024722321,0.1842009464870768,0.9999969
26,0.010390541024722321,0.18529304696032034,0.9999964
27,0.010390541024722321,0.1878412813978886,0.9999963
28,0.010390541024722321,0.1896614488532945,0.9999962
29,0.010390541024722321,0.19111758281761923,0.99999595
30,0.010390541024722321,0.1933017837641063,0.9999957
31,0.010390541024722321,0.19402985074626866,0.9999956
32,0.010390541024722321,0.19439388423734982,0.99999547
33,0.010390541024722321,0.19548598471059336,0.99999535
34,0.010748835542816195,0.19585001820167455,0.99999523
35,0.01146542457900394,0.19730615216599928,0.999995
36,0.01146542457900394,0.19803421914816163,0.9999949
37,0.01146542457900394,0.19839825263924282,0.99999475
38,0.01146542457900394,0.19985438660356752,0.9999945
39,0.01146542457900394,0.20094648707681106,0.99999416
40,0.01146542457900394,0.2020385875500546,0.99999404
41,0.01146542457900394,0.20349472151437933,0.9999939
42,0.01146542457900394,0.20422278849654169,0.9999938
43,0.012182013615191688,0.20422278849654169,0.9999937
44,0.012182013615191688,0.20458682198762287,0.99999356
45,0.012540308133285561,0.20531488896978523,0.99999344
46,0.012540308133285561,0.20677102293410993,0.9999931
47,0.012540308133285561,0.20822715689843466,0.99999297
48,0.012540308133285561,0.2093192573716782,0.99999285
49,0.013256897169473307,0.20968329086275939,0.9999927
50,0.013256897169473307,0.2107753913360029,0.9999926
51,0.013256897169473307,0.2111394248270841,0.9999925
52,0.013256897169473307,0.21223152530032763,0.99999225
53,0.013256897169473307,0.21259555879140882,0.99999213
54,0.01361519168756718,0.21295959228248998,0.999992
55,0.013973486205661053,0.21295959228248998,0.9999919
56,0.013973486205661053,0.21332362577357117,0.99999154
57,0.013973486205661053,0.2144157262468147,0.9999912
58,0.013973486205661053,0.21514379322897706,0.99999094
59,0.014331780723754926,0.21550782672005825,0.9999908
60,0.014331780723754926,0.21587186021113944,0.9999907
61,0.0146900752418488,0.21696396068438295,0.9999906
62,0.0146900752418488,0.21842009464870768,0.99998987
63,0.0146900752418488,0.2198762286130324,0.9999896
64,0.015048369759942674,0.22024026210411357,0.9999895
65,0.015048369759942674,0.22096832908627595,0.9999894
66,0.015048369759942674,0.2216963960684383,0.99998915
67,0.015406664278036546,0.22206042955951946,0.99998903
68,0.015406664278036546,0.22278849654168184,0.9999888
69,0.015406664278036546,0.2235165635238442,0.99998856
70,0.015406664278036546,0.22460866399708773,0.99998844
71,0.015406664278036546,0.22533673097925008,0.9999883
72,0.015406664278036546,0.227156898434656,0.9999876
73,0.015406664278036546,0.22934109938114305,0.9999871
74,0.016123253314224293,0.22970513287222424,0.9999865
75,0.016481547832318165,0.23006916636330543,0.9999864
76,0.016481547832318165,0.23116126683654897,0.99998605
77,0.017198136868505912,0.23116126683654897,0.9999857
78,0.017198136868505912,0.23188933381871132,0.9999856
79,0.017198136868505912,0.2340735347651984,0.9999844
80,0.017556431386599784,0.23516563523844194,0.99998415
81,0.017556431386599784,0.2358937022206043,0.9999839
82,0.017556431386599784,0.23625773571168548,0.99998355
83,0.01791472590469366,0.23698580269384784,0.9999833
84,0.01791472590469366,0.23734983618492903,0.9999832
85,0.01827302042278753,0.23844193665817257,0.99998283
86,0.01827302042278753,0.23917000364033492,0.99998236
87,0.01898960945897528,0.23917000364033492,0.99998224
88,0.01934790397706915,0.23953403713141608,0.999982
89,0.01934790397706915,0.2409901710957408,0.99998176
90,0.01934790397706915,0.24171823807790316,0.9999815
91,0.01934790397706915,0.2431743720422279,0.9999814
92,0.01934790397706915,0.24353840553330908,0.9999813
93,0.01934790397706915,0.24426647251547143,0.9999808
94,0.01934790397706915,0.2446305060065526,0.9999801
95,0.019706198495163023,0.24499453949763378,0.99998
96,0.019706198495163023,0.24608663997087732,0.9999794
97,0.019706198495163023,0.24717874044412086,0.99997926
98,0.0200644930132569,0.24717874044412086,0.9999788
99,0.02042278753135077,0.2482708409173644,0.9999782
100,0.02042278753135077,0.24899890789952675,0.99997795
101,0.02042278753135077,0.24972697488168913,0.99997747
102,0.02042278753135077,0.2504550418638515,0.99997735
103,0.02042278753135077,0.2519111758281762,0.99997556
104,0.02042278753135077,0.2530032763014197,0.9999752
105,0.02042278753135077,0.2537313432835821,0.99997497
106,0.02042278753135077,0.2544594102657444,0.99997413
107,0.02042278753135077,0.2551874772479068,0.999974
108,0.02042278753135077,0.2566436112122315,0.9999728
109,0.02042278753135077,0.2573716781943939,0.9999726
110,0.02042278753135077,0.2584637786676374,0.9999722
111,0.020781082049444642,0.2588278121587186,0.9999721
112,0.020781082049444642,0.26028394612304334,0.9999714
113,0.020781082049444642,0.2613760465962869,0.99997115
114,0.020781082049444642,0.26174008008736804,0.99997103
115,0.021139376567538518,0.26174008008736804,0.9999708
116,0.021139376567538518,0.2624681470695304,0.99997044
117,0.021139376567538518,0.26465234801601745,0.9999691
118,0.021139376567538518,0.265744448489261,0.9999685
119,0.021139376567538518,0.26647251547142337,0.9999684
120,0.021139376567538518,0.2675646159446669,0.9999677
121,0.02149767108563239,0.2675646159446669,0.9999672
122,0.02149767108563239,0.2682926829268293,0.9999666
123,0.02149767108563239,0.2690207499089916,0.9999665
124,0.02185596560372626,0.2693847834000728,0.99996626
125,0.02185596560372626,0.27193301783764107,0.99996436
126,0.022214260121820137,0.27193301783764107,0.99996424
127,0.022214260121820137,0.27229705132872223,0.9999633
128,0.022214260121820137,0.2730251183108846,0.9999629
129,0.02257255463991401,0.2730251183108846,0.9999627
130,0.02257255463991401,0.27411721878412815,0.99996114
131,0.02257255463991401,0.27557335274845285,0.9999603
132,0.02257255463991401,0.275937386239534,0.9999602
133,0.02293084915800788,0.275937386239534,0.9999598
134,0.02293084915800788,0.2766654532216964,0.99995875
135,0.023289143676101756,0.2766654532216964,0.9999585
136,0.023289143676101756,0.27702948671277755,0.9999577
137,0.023647438194195628,0.27702948671277755,0.99995756
138,0.023647438194195628,0.2781215871860211,0.99995697
139,0.024005732712289504,0.2784856206771023,0.9999567
140,0.024722321748477247,0.2784856206771023,0.99995625
141,0.025080616266571123,0.2784856206771023,0.999956
142,0.025080616266571123,0.28285402257007647,0.9999517
143,0.025438910784664995,0.28285402257007647,0.9999516
144,0.025438910784664995,0.28321805606115763,0.99995124
145,0.025797205302758867,0.28321805606115763,0.9999503
146,0.025797205302758867,0.28394612304332,0.9999502
147,0.026155499820852742,0.28394612304332,0.99995005
148,0.026155499820852742,0.2861303239898071,0.99994624
149,0.026155499820852742,0.2868583909719694,0.99994576
150,0.026155499820852742,0.2875864579541318,0.99994504
151,0.026513794338946614,0.2875864579541318,0.9999447
152,0.026513794338946614,0.28795049144521295,0.99994457
153,0.02723038337513436,0.28795049144521295,0.99994326
154,0.02723038337513436,0.29013469239170003,0.9999411
155,0.027588677893228233,0.29013469239170003,0.99994004
156,0.027588677893228233,0.2904987258827812,0.9999397
157,0.027946972411322105,0.2904987258827812,0.9999392
158,0.027946972411322105,0.29159082635602473,0.9999379
159,0.027946972411322105,0.2923188933381871,0.99993765
160,0.027946972411322105,0.29486712777575536,0.99993575
161,0.02830526692941598,0.29486712777575536,0.9999356
162,0.02830526692941598,0.2952311612668366,0.99993503
163,0.02830526692941598,0.2966872952311613,0.9999343
164,0.02830526692941598,0.29705132872224244,0.9999342
165,0.028663561447509853,0.2977793957044048,0.99993384
166,0.029021855965603725,0.2977793957044048,0.99993277
167,0.029021855965603725,0.2992355296687295,0.99993205
168,0.029021855965603725,0.30032763014197306,0.999928
169,0.0293801504836976,0.30032763014197306,0.9999279
170,0.0293801504836976,0.30251183108846014,0.99992406
171,0.029738445001791472,0.30251183108846014,0.99992394
172,0.029738445001791472,0.3054240990171096,0.99991894
173,0.030096739519885347,0.3054240990171096,0.9999181
174,0.030096739519885347,0.30651619949035314,0.9999161
175,0.03045503403797922,0.30651619949035314,0.9999156
176,0.03045503403797922,0.3090644339279214,0.99991107
177,0.03045503403797922,0.3097925009100837,0.99991035
178,0.03045503403797922,0.31124863487440846,0.999908
179,0.03045503403797922,0.3119767018565708,0.9999069
180,0.03045503403797922,0.31270476883873316,0.9999062
181,0.03045503403797922,0.31343283582089554,0.9999057
182,0.03081332855607309,0.31343283582089554,0.99990535
183,0.03081332855607309,0.3152530032763014,0.99990237
184,0.031171623074166967,0.3156170367673826,0.99990225
185,0.031171623074166967,0.318529304696032,0.99989474
186,0.031529917592260835,0.318529304696032,0.99989426
187,0.031529917592260835,0.32653804149981797,0.99987984
188,0.03188821211035471,0.32653804149981797,0.9998796
189,0.03188821211035471,0.3279941754641427,0.99987876
190,0.032246506628448586,0.3279941754641427,0.99987864
191,0.032246506628448586,0.32872224244630505,0.99987745
192,0.032246506628448586,0.32908627593738626,0.999877
193,0.032604801146542454,0.32908627593738626,0.99987566
194,0.032604801146542454,0.3294503094284674,0.9998753
195,0.03296309566463633,0.3294503094284674,0.99987495
196,0.03296309566463633,0.3301783764106298,0.99987316
197,0.033321390182730205,0.3301783764106298,0.9998727
198,0.033321390182730205,0.3316345103749545,0.9998698
199,0.03367968470082408,0.3316345103749545,0.99986875
200,0.03367968470082408,0.33236257735711683,0.9998673
201,0.03367968470082408,0.33345467783036037,0.9998661
202,0.03403797921891795,0.33345467783036037,0.9998654
203,0.03403797921891795,0.3352748452857663,0.9998598
204,0.034396273737011825,0.3352748452857663,0.9998592
205,0.034396273737011825,0.33563887877684745,0.9998584
206,0.034396273737011825,0.3363669457590098,0.99985814
207,0.034396273737011825,0.33782307972333453,0.99985504
208,0.034396273737011825,0.3392792136876593,0.99985003
209,0.034396273737011825,0.340735347651984,0.9998455
210,0.034396273737011825,0.34146341463414637,0.99984515
211,0.034396273737011825,0.34291954859847107,0.9998416
212,0.0347545682551057,0.34291954859847107,0.99984133
213,0.0347545682551057,0.3436476155806334,0.99983823
214,0.0347545682551057,0.34437568256279577,0.99983776
215,0.0347545682551057,0.3454677830360393,0.9998363
216,0.03511286277319957,0.3454677830360393,0.99983585
217,0.03511286277319957,0.3491081179468511,0.99982184
218,0.035471157291293444,0.3491081179468511,0.9998209
219,0.035471157291293444,0.3494721514379323,0.99982065
220,0.035471157291293444,0.35020021842009463,0.999816
221,0.035471157291293444,0.350928285402257,0.99981505
222,0.035471157291293444,0.3516563523844194,0.99981254
223,0.03582945180938732,0.3516563523844194,0.9998092
224,0.03582945180938732,0.35274845285766293,0.99980396
225,0.03582945180938732,0.35347651983982525,0.99980325
226,0.03582945180938732,0.3552966872952312,0.99979275
227,0.03582945180938732,0.3560247542773935,0.99979097
228,0.03582945180938732,0.3563887877684747,0.9997907
229,0.03618774632748119,0.3563887877684747,0.99979
230,0.03618774632748119,0.35893702220604295,0.99978167
231,0.03654604084557506,0.35893702220604295,0.9997813
232,0.03654604084557506,0.3633054240990171,0.99976724
233,0.03690433536366894,0.3633054240990171,0.9997665
234,0.03690433536366894,0.36585365853658536,0.9997588
235,0.03726262988176281,0.36585365853658536,0.99975866
236,0.03726262988176281,0.3662176920276665,0.99975735
237,0.03797921891795056,0.3662176920276665,0.99975234
238,0.03797921891795056,0.3687659264652348,0.99974173
239,0.038337513436044426,0.3687659264652348,0.9997408
240,0.038337513436044426,0.3738623953403713,0.99972254
241,0.03905410247223218,0.3738623953403713,0.9997197
242,0.03905410247223218,0.37531852930469606,0.9997135
243,0.039412396990326046,0.37531852930469606,0.9997061
244,0.039412396990326046,0.3756825627957772,0.9997056
245,0.03977069150841992,0.3760465962868584,0.9997018
246,0.03977069150841992,0.37823079723334546,0.9996902
247,0.0401289860265138,0.3785948307244266,0.9996877
248,0.0401289860265138,0.38041499817983254,0.9996767
249,0.0401289860265138,0.3811430651619949,0.99967587
250,0.0401289860265138,0.38187113214415724,0.99967337
251,0.040487280544607665,0.38187113214415724,0.9996669
252,0.040487280544607665,0.3825991991263196,0.99966574
253,0.04084557506270154,0.3825991991263196,0.9996642
254,0.04084557506270154,0.38587550054605024,0.99965274
255,0.041203869580795416,0.38587550054605024,0.9996512
256,0.041203869580795416,0.3866035675282126,0.9996511
257,0.041562164098889284,0.3869676010192938,0.9996457
258,0.041562164098889284,0.3880597014925373,0.99963725
259,0.04192045861698316,0.3880597014925373,0.9996344
260,0.04192045861698316,0.389515835456862,0.9996189
261,0.042278753135077035,0.389515835456862,0.99961865
262,0.042278753135077035,0.39752457226064797,0.99957436
263,0.042637047653170904,0.39752457226064797,0.999574
264,0.042637047653170904,0.40116490717145975,0.9995435
265,0.04299534217126478,0.40116490717145975,0.99953985
266,0.04299534217126478,0.40152894066254097,0.99953425
267,0.043353636689358654,0.40152894066254097,0.99953246
268,0.043353636689358654,0.40371314160902805,0.9995061
269,0.04371193120745252,0.40371314160902805,0.9995018
270,0.04371193120745252,0.4055333090644339,0.99949765
271,0.0440702257255464,0.4055333090644339,0.99949694
272,0.0440702257255464,0.40880961048416453,0.9994686
273,0.044428520243640274,0.40917364397524575,0.9994649
274,0.044428520243640274,0.41026574444848923,0.99945956
275,0.04478681476173414,0.41026574444848923,0.9994543
276,0.04478681476173414,0.41062977793957045,0.99944955
277,0.04514510927982802,0.41062977793957045,0.99944764
278,0.04514510927982802,0.411721878412814,0.999445
279,0.04586169831601576,0.411721878412814,0.9994373
280,0.04586169831601576,0.4124499453949763,0.99943453
281,0.04693658187029739,0.4124499453949763,0.99943227
282,0.04693658187029739,0.4149981798325446,0.9994091
283,0.047294876388391256,0.4149981798325446,0.999408
284,0.047294876388391256,0.41609028030578815,0.99939597
285,0.04765317090648513,0.4164543137968693,0.9993944
286,0.04801146542457901,0.4164543137968693,0.9993926
287,0.04801146542457901,0.4168183472879505,0.9993905
288,0.04801146542457901,0.41754641427011285,0.9993857
289,0.048369759942672876,0.41754641427011285,0.9993856
290,0.048369759942672876,0.41973061521659993,0.9993611
291,0.04872805446076675,0.41973061521659993,0.999356
292,0.04872805446076675,0.42300691663633055,0.999323
293,0.049086348978860626,0.42300691663633055,0.9993181
294,0.049086348978860626,0.42519111758281763,0.9992976
295,0.049444643496954495,0.42519111758281763,0.99929273
296,0.049444643496954495,0.4262832180560612,0.9992816
297,0.04980293801504837,0.4262832180560612,0.999271
298,0.04980293801504837,0.4295595194757918,0.99921155
299,0.050161232533142246,0.4295595194757918,0.9992105
300,0.050161232533142246,0.4331998543866036,0.9991786
301,0.050519527051236114,0.4331998543866036,0.9991763
302,0.050519527051236114,0.43356388787768474,0.9991698
303,0.05087782156932999,0.43356388787768474,0.9991697
304,0.05087782156932999,0.4346559883509283,0.99913424
305,0.052310999641705484,0.4346559883509283,0.99910814
306,0.052310999641705484,0.43684018929741536,0.99907196
307,0.05302758867789323,0.43684018929741536,0.9990501
308,0.05302758867789323,0.4386603567528213,0.9990177
309,0.053385883195987104,0.43902439024390244,0.9990096
310,0.053385883195987104,0.44448489261012014,0.9989262
311,0.05374417771408097,0.44448489261012014,0.998906
312,0.05374417771408097,0.4448489261012013,0.99890137
313,0.05410247223217485,0.4448489261012013,0.9988992
314,0.05410247223217485,0.44521295959228246,0.9988971
315,0.05446076675026872,0.44521295959228246,0.9988857
316,0.05446076675026872,0.450309428467419,0.99880207
317,0.05481906126836259,0.450309428467419,0.9987991
318,0.05481906126836259,0.4539497633782308,0.9987203
319,0.05481906126836259,0.45467783036039316,0.99871874
320,0.05481906126836259,0.45613396432471787,0.9986873
321,0.05517735578645647,0.45613396432471787,0.9986683
322,0.05517735578645647,0.4579541317801238,0.9986526
323,0.05553565030455034,0.4579541317801238,0.99862456
324,0.05553565030455034,0.4586821987622861,0.99861765
325,0.05589394482264421,0.4586821987622861,0.99861526
326,0.05589394482264421,0.4590462322533673,0.99860317
327,0.05661053385883196,0.4590462322533673,0.99859923
328,0.05661053385883196,0.4594102657444485,0.9985979
329,0.05696882837692583,0.4594102657444485,0.9985921
330,0.05696882837692583,0.4608663997087732,0.9985775
331,0.057327122895019705,0.4608663997087732,0.99856335
332,0.057327122895019705,0.4612304331998544,0.99854183
333,0.05768541741311358,0.4612304331998544,0.99853754
334,0.05768541741311358,0.46232253367309795,0.99852365
335,0.05804371193120745,0.46232253367309795,0.99852043
336,0.05804371193120745,0.4641427011285038,0.99849474
337,0.058402006449301325,0.4641427011285038,0.99849427
338,0.058402006449301325,0.4663269020749909,0.99845207
339,0.0587603009673952,0.4663269020749909,0.9984384
340,0.0587603009673952,0.4677830360393156,0.99842703
341,0.05911859548548907,0.4677830360393156,0.99841917
342,0.05911859548548907,0.46887513651255913,0.99841285
343,0.059476890003582944,0.46887513651255913,0.99840635
344,0.059476890003582944,0.46996723698580267,0.9983866
345,0.05983518452167682,0.46996723698580267,0.998384
346,0.05983518452167682,0.4703312704768839,0.99838066
347,0.060193479039770695,0.4703312704768839,0.9983595
348,0.060193479039770695,0.4710593374590462,0.9983431
349,0.06055177355786456,0.4710593374590462,0.99834025
350,0.06055177355786456,0.47142337095012743,0.9983334
351,0.06091006807595844,0.47142337095012743,0.99832827
352,0.06091006807595844,0.47287950491445213,0.99829024
353,0.061268362594052314,0.47287950491445213,0.99828666
354,0.061268362594052314,0.4772479068074263,0.99817395
355,0.06198495163024006,0.4772479068074263,0.9981592
356,0.06198495163024006,0.47761194029850745,0.9981463
357,0.06234324614833393,0.47761194029850745,0.9981342
358,0.06234324614833393,0.482708409173644,0.997957
359,0.0627015406664278,0.482708409173644,0.99795365
360,0.0627015406664278,0.48452857662904986,0.9978574
361,0.06377642422070942,0.48452857662904986,0.99782664
362,0.06377642422070942,0.4863487440844558,0.99776495
363,0.06413471873880329,0.4863487440844558,0.99776053
364,0.06413471873880329,0.4881689115398617,0.9977187
365,0.06449301325689717,0.4881689115398617,0.9977163
366,0.06449301325689717,0.48853294503094286,0.997664
367,0.06485130777499104,0.48853294503094286,0.9976609
368,0.06485130777499104,0.4892610120131052,0.9976489
369,0.06520960229308491,0.4892610120131052,0.9976458
370,0.06520960229308491,0.48998907899526756,0.99761754
371,0.06556789681117879,0.48998907899526756,0.9976138
372,0.06556789681117879,0.4903531124863487,0.99758303
373,0.06592619132927266,0.4903531124863487,0.99757665
374,0.06592619132927266,0.49144521295959226,0.997544
375,0.06628448584736654,0.49144521295959226,0.9975327
376,0.06628448584736654,0.49908991627229704,0.9973749
377,0.06664278036546041,0.49908991627229704,0.997323
378,0.06664278036546041,0.4998179832544594,0.9973098
379,0.06700107488355428,0.4998179832544594,0.99728143
380,0.06700107488355428,0.504914452129596,0.99707067
381,0.06735936940164816,0.504914452129596,0.99706656
382,0.06735936940164816,0.5056425191117583,0.9970042
383,0.06771766391974203,0.5056425191117583,0.9969984
384,0.06771766391974203,0.5060065526028394,0.99699664
385,0.0680759584378359,0.5060065526028394,0.99697936
386,0.0680759584378359,0.5103749544958136,0.9967514
387,0.06843425295592978,0.5103749544958136,0.99674416
388,0.06843425295592978,0.5129231889333818,0.99662787
389,0.06879254747402365,0.5129231889333818,0.99661726
390,0.06879254747402365,0.517291590826356,0.9964412
391,0.06915084199211752,0.517291590826356,0.9964103
392,0.06915084199211752,0.5227520931925738,0.9961526
393,0.0695091365102114,0.5227520931925738,0.9961022
394,0.0695091365102114,0.5231161266836549,0.9960991
395,0.06986743102830527,0.5231161266836549,0.996068
396,0.06986743102830527,0.5282125955587914,0.9956851
397,0.07022572554639914,0.5282125955587914,0.9955967
398,0.07022572554639914,0.5303967965052785,0.9954347
399,0.07058402006449302,0.5303967965052785,0.9954145
400,0.07058402006449302,0.5307608299963597,0.9954085
401,0.07130060910068076,0.5307608299963597,0.99539655
402,0.07130060910068076,0.5318529304696032,0.9952825
403,0.07165890361877464,0.5318529304696032,0.99527407
404,0.07165890361877464,0.5329450309428467,0.9951931
405,0.07201719813686851,0.5329450309428467,0.9951881
406,0.07201719813686851,0.5333090644339279,0.99514717
407,0.07237549265496238,0.5333090644339279,0.9951233
408,0.07237549265496238,0.5380414998179832,0.9949431
409,0.07237549265496238,0.5387695668001456,0.99494237
410,0.07237549265496238,0.5398616672733891,0.9949063
411,0.07273378717305626,0.5398616672733891,0.9948355
412,0.07273378717305626,0.5402257007644703,0.99478203
413,0.07309208169115013,0.5402257007644703,0.9947695
414,0.07309208169115013,0.5405897342555515,0.9947595
415,0.073450376209244,0.5405897342555515,0.9947161
416,0.073450376209244,0.541681834728795,0.99460936
417,0.07380867072733788,0.541681834728795,0.9945967
418,0.07380867072733788,0.5420458682198762,0.9945539
419,0.07416696524543175,0.5420458682198762,0.99453837
420,0.07416696524543175,0.5431379686931198,0.9944906
421,0.07452525976352561,0.5431379686931198,0.9944872
422,0.07452525976352561,0.5442300691663633,0.9944279
423,0.0748835542816195,0.5442300691663633,0.9943184
424,0.0748835542816195,0.5445941026574445,0.9943153
425,0.07560014331780723,0.5445941026574445,0.99426645
426,0.07560014331780723,0.5460502366217692,0.99417263
427,0.07595843783590112,0.5460502366217692,0.99404573
428,0.07595843783590112,0.5467783036039315,0.9939553
429,0.07595843783590112,0.5478704040771751,0.9938976
430,0.07667502687208885,0.5478704040771751,0.99384356
431,0.07667502687208885,0.5504186385147434,0.99351645
432,0.07703332139018274,0.5504186385147434,0.99350995
433,0.07703332139018274,0.551874772479068,0.9934716
434,0.0773916159082766,0.551874772479068,0.9934464
435,0.0773916159082766,0.5522388059701493,0.99339867
436,0.07774991042637047,0.5522388059701493,0.99335665
437,0.07774991042637047,0.5529668729523116,0.99333584
438,0.07810820494446435,0.5529668729523116,0.9933257
439,0.07810820494446435,0.5547870404077175,0.9931183
440,0.07846649946255822,0.5547870404077175,0.9930963
441,0.07846649946255822,0.5562431743720422,0.99292094
442,0.07918308849874597,0.5562431743720422,0.992851
443,0.07918308849874597,0.5566072078631235,0.99283457
444,0.07954138301683984,0.5566072078631235,0.99271315
445,0.07954138301683984,0.5576993083363669,0.9926651
446,0.0802579720530276,0.5576993083363669,0.99258596
447,0.0802579720530276,0.5591554423006917,0.9923975
448,0.08061626657112146,0.5591554423006917,0.9923728
449,0.08061626657112146,0.5595194757917729,0.99236345
450,0.08097456108921533,0.5595194757917729,0.99231344
451,0.08097456108921533,0.559883509282854,0.99217683
452,0.08133285560730921,0.559883509282854,0.99213564
453,0.08133285560730921,0.5613396432471788,0.9918671
454,0.08169115012540308,0.5613396432471788,0.9918435
455,0.08169115012540308,0.5627957772115034,0.99180615
456,0.08204944464349695,0.5627957772115034,0.991797
457,0.08204944464349695,0.563887877684747,0.99170953
458,0.0827660336796847,0.563887877684747,0.991621
459,0.0827660336796847,0.5642519111758282,0.99160117
460,0.08312432819777857,0.5642519111758282,0.9915262
461,0.08312432819777857,0.5660720786312341,0.9913284
462,0.08419921175206019,0.5660720786312341,0.99121726
463,0.08419921175206019,0.56789224608664,0.9911641
464,0.08455750627015407,0.56789224608664,0.9911452
465,0.08455750627015407,0.5689843465598835,0.99095154
466,0.08527409530634181,0.5689843465598835,0.99085337
467,0.08527409530634181,0.5722606479796142,0.9901271
468,0.08563238982443569,0.5722606479796142,0.99010414
469,0.08563238982443569,0.5726246814706953,0.99003243
470,0.08670727337871731,0.5817255187477248,0.99
471,0.08670727337871731,0.5824535857298871,0.98995984
472,0.08706556789681118,0.5824535857298871,0.98990893
473,0.08706556789681118,0.5842737531852931,0.9896799
474,0.08778215693299893,0.5842737531852931,0.98967266
475,0.08778215693299893,0.5850018201674554,0.9895963
476,0.08849874596918667,0.5850018201674554,0.9895103
477,0.08849874596918667,0.586093920640699,0.9894078
478,0.08885704048728055,0.586093920640699,0.9891305
479,0.08885704048728055,0.5871860211139425,0.989019
480,0.08993192404156217,0.5871860211139425,0.98888177
481,0.08993192404156217,0.5893702220604295,0.9885169
482,0.09029021855965604,0.5893702220604295,0.9885139
483,0.09029021855965604,0.5900982890425919,0.9884213
484,0.0906485130777499,0.5900982890425919,0.9883619
485,0.0906485130777499,0.5904623225336731,0.9881882
486,0.09136510211393765,0.5904623225336731,0.98809844
487,0.09136510211393765,0.5930105569712414,0.9877055
488,0.09243998566821927,0.5930105569712414,0.9876182
489,0.09243998566821927,0.5937386239534037,0.987531
490,0.0935148692225009,0.5937386239534037,0.98742884
491,0.0935148692225009,0.5941026574444849,0.98737586
492,0.09387316374059478,0.5941026574444849,0.9872978
493,0.09387316374059478,0.594466690935566,0.98729706
494,0.09423145825868864,0.594466690935566,0.98714024
495,0.09423145825868864,0.5951947579177285,0.98698354
496,0.09458975277678251,0.5951947579177285,0.98697215
497,0.09458975277678251,0.5955587914088096,0.98696566
498,0.0949480472948764,0.5955587914088096,0.98670423
499,0.0949480472948764,0.5959228248998908,0.9866627
500,0.09566463633106413,0.5959228248998908,0.9865241
501,0.09566463633106413,0.5966508918820531,0.9864216
502,0.09602293084915801,0.5966508918820531,0.9863826
503,0.09602293084915801,0.5977429923552967,0.9862408
504,0.09638122536725188,0.5977429923552967,0.9861119
505,0.09638122536725188,0.598471059337459,0.98592746
506,0.09673951988534575,0.598471059337459,0.98592037
507,0.09673951988534575,0.5995631598107026,0.98570734
508,0.09709781440343963,0.5995631598107026,0.98558205
509,0.09709781440343963,0.600291226792865,0.9853735
510,0.0974561089215335,0.600291226792865,0.9853371
511,0.0974561089215335,0.6010192937750273,0.9852064
512,0.09781440343962737,0.6010192937750273,0.9851965
513,0.09781440343962737,0.6039315617036768,0.9847798
514,0.09781440343962737,0.6046596286858391,0.9847781
515,0.09781440343962737,0.606479796141245,0.9841611
516,0.09817269795772125,0.606479796141245,0.98406464
517,0.09817269795772125,0.6072078631234074,0.9839824
518,0.09888928699390899,0.6072078631234074,0.9838585
519,0.09888928699390899,0.6112122315253004,0.982897
520,0.09996417054819061,0.6112122315253004,0.9827572
521,0.09996417054819061,0.6119402985074627,0.9826087
522,0.10068075958437836,0.6119402985074627,0.9824111
523,0.10068075958437836,0.6130323989807063,0.9822543
524,0.10103905410247223,0.6130323989807063,0.98219854
525,0.10103905410247223,0.6133964324717874,0.98218334
526,0.10139734862056611,0.6133964324717874,0.9821201
527,0.10139734862056611,0.6144885329450309,0.9820747
528,0.10211393765675385,0.6144885329450309,0.98187697
529,0.10211393765675385,0.616672733891518,0.9811001
530,0.10247223217484773,0.616672733891518,0.98105705
531,0.10247223217484773,0.6184929013469239,0.98063856
532,0.1028305266929416,0.6184929013469239,0.9805814
533,0.1028305266929416,0.620677102293411,0.98006046
534,0.1028305266929416,0.6257735711685475,0.98
535,0.1028305266929416,0.6261376046596286,0.979862
536,0.10318882121103547,0.6261376046596286,0.97982967
537,0.10318882121103547,0.6294139060793593,0.9788578
538,0.10390541024722322,0.6294139060793593,0.9784662
539,0.10390541024722322,0.6334182744812523,0.9769777
540,0.10462199928341097,0.6334182744812523,0.97686857
541,0.10462199928341097,0.6341463414634146,0.9767751
542,0.10498029380150484,0.6341463414634146,0.9763783
543,0.10498029380150484,0.6356024754277394,0.9759822
544,0.1053385883195987,0.6356024754277394,0.97593087
545,0.1053385883195987,0.637058609392064,0.9750828
546,0.10569688283769259,0.637058609392064,0.9749263
547,0.10569688283769259,0.6381507098653076,0.9744888
548,0.10641347187388032,0.6381507098653076,0.97403044
549,0.10641347187388032,0.6396068438296323,0.9737473
550,0.10677176639197421,0.6396068438296323,0.9736453
551,0.10677176639197421,0.6399708773207136,0.97348976
552,0.10748835542816194,0.6399708773207136,0.97295827
553,0.10748835542816194,0.6425191117582818,0.97196895
554,0.10784664994625583,0.6425191117582818,0.9718542
555,0.10784664994625583,0.642883145249363,0.9718327
556,0.1082049444643497,0.642883145249363,0.97177535
557,0.1082049444643497,0.6439752457226064,0.9713662
558,0.10927982801863131,0.6439752457226064,0.9711963
559,0.10927982801863131,0.6447033127047689,0.9709471
560,0.11035471157291293,0.6447033127047689,0.97055894
561,0.11035471157291293,0.6454313796869312,0.9704366
562,0.11142959512719455,0.6454313796869312,0.9701217
563,0.11178788964528842,0.6508918820531489,0.97
564,0.1121461841633823,0.6508918820531489,0.9699304
565,0.1121461841633823,0.6512559155442301,0.969701
566,0.11250447868147617,0.6512559155442301,0.969606
567,0.11250447868147617,0.6516199490353113,0.9693524
568,0.11286277319957004,0.6516199490353113,0.9692229
569,0.11286277319957004,0.6523480160174736,0.9690541
570,0.11393765675385166,0.6523480160174736,0.9687742
571,0.11393765675385166,0.6570804514015289,0.96671563
572,0.11501254030813328,0.6570804514015289,0.96630013
573,0.11501254030813328,0.6585365853658537,0.965784
574,0.11572912934432103,0.6585365853658537,0.9656849
575,0.11572912934432103,0.6589006188569348,0.9652951
576,0.1160874238624149,0.6589006188569348,0.96439016
577,0.1160874238624149,0.6603567528212596,0.9633366
578,0.11716230741669652,0.6603567528212596,0.96309716
579,0.11716230741669652,0.6610848198034219,0.96270853
580,0.1175206019347904,0.6610848198034219,0.9626978
581,0.1175206019347904,0.663269020749909,0.96176195
582,0.11787889645288427,0.663269020749909,0.96167177
583,0.11787889645288427,0.6647251547142337,0.9604648
584,0.11823719097097814,0.6647251547142337,0.96017957
585,0.11823719097097814,0.6683654896250455,0.96
586,0.11823719097097814,0.6698216235893703,0.95861775
587,0.11859548548907202,0.6698216235893703,0.9583907
588,0.11859548548907202,0.6705496905715326,0.9581596
589,0.11895378000716589,0.6705496905715326,0.9581039
590,0.11895378000716589,0.6723698580269385,0.95774895
591,0.12002866356144751,0.6723698580269385,0.95645005
592,0.12002866356144751,0.6727338915180197,0.9562105
593,0.12038695807954139,0.6727338915180197,0.9560879
594,0.12038695807954139,0.6760101929377502,0.95443594
595,0.12074525259763526,0.6760101929377502,0.9543343
596,0.12074525259763526,0.6763742264288315,0.95395947
597,0.12110354711572913,0.6763742264288315,0.95365244
598,0.12110354711572913,0.6767382599199127,0.9536285
599,0.12146184163382301,0.6767382599199127,0.9535541
600,0.12146184163382301,0.677466326902075,0.95335144
601,0.12182013615191688,0.677466326902075,0.953302
602,0.12182013615191688,0.6800145613396432,0.95030606
603,0.12217843067001075,0.6800145613396432,0.950176
604,0.12217843067001075,0.6803785948307244,0.9501068
605,0.12253672518810463,0.6832908627593739,0.95
606,0.12253672518810463,0.6843829632326174,0.94934046
607,0.12361160874238625,0.6843829632326174,0.94860834
608,0.12361160874238625,0.6858390971969421,0.94732594
609,0.12396990326048012,0.6858390971969421,0.9471458
610,0.12396990326048012,0.6865671641791045,0.94712204
611,0.12432819777857398,0.6865671641791045,0.9468395
612,0.12432819777857398,0.6872952311612668,0.94595855
613,0.12468649229666787,0.6872952311612668,0.9458405
614,0.12468649229666787,0.6880232981434292,0.9454634
615,0.12504478681476172,0.6880232981434292,0.9454196
616,0.12504478681476172,0.6887513651255915,0.9451271
617,0.1254030813328556,0.6887513651255915,0.94498646
618,0.1254030813328556,0.6898434655988351,0.9440896
619,0.12611967036904334,0.6898434655988351,0.94321734
620,0.12611967036904334,0.6905715325809975,0.9422146
621,0.12647796488713722,0.6905715325809975,0.9421786
622,0.12647796488713722,0.6909355660720786,0.9421184
623,0.1268362594052311,0.6909355660720786,0.9416471
624,0.1268362594052311,0.6920276665453222,0.9410291
625,0.12719455392332496,0.6920276665453222,0.94031054
626,0.12719455392332496,0.6923917000364034,0.94020766
627,0.12755284844141884,0.6923917000364034,0.94000894
628,0.12826943747760658,0.6967601019293775,0.94
629,0.12826943747760658,0.6974881689115399,0.9392646
630,0.12862773199570046,0.6974881689115399,0.9387597
631,0.12862773199570046,0.697852202402621,0.9385915
632,0.1293443210318882,0.697852202402621,0.93843913
633,0.1293443210318882,0.6982162358937022,0.9381922
634,0.13041920458616982,0.6982162358937022,0.9369316
635,0.13041920458616982,0.6989443028758646,0.9362802
636,0.1307774991042637,0.6989443028758646,0.9359851
637,0.1307774991042637,0.7004004368401893,0.9350061
638,0.13113579362235758,0.7004004368401893,0.93380964
639,0.13113579362235758,0.7007644703312704,0.933423
640,0.13149408814045144,0.7007644703312704,0.93325996
641,0.13149408814045144,0.7014925373134329,0.9326792
642,0.13256897169473308,0.7014925373134329,0.9319809
643,0.13256897169473308,0.7022206042955952,0.93159264
644,0.13328556073092082,0.7022206042955952,0.93152726
645,0.13328556073092082,0.7029486712777575,0.9305983
646,0.13400214976710856,0.7029486712777575,0.93025064
647,0.13436044428520244,0.7062249726974882,0.93
648,0.13436044428520244,0.7095012741172187,0.9273109
649,0.13471873880329632,0.7095012741172187,0.9259441
650,0.13471873880329632,0.7105933745904623,0.92524284
651,0.13507703332139018,0.7105933745904623,0.9248759
652,0.13507703332139018,0.7113214415726247,0.9243975
653,0.13543532783948406,0.7113214415726247,0.92413795
654,0.13543532783948406,0.7124135420458683,0.9215731
655,0.13579362235757794,0.7124135420458683,0.92105347
656,0.13579362235757794,0.7127775755369494,0.9206684
657,0.13651021139376568,0.7127775755369494,0.9201197
658,0.13651021139376568,0.7131416090280306,0.92004865
659,0.13686850591185956,0.7149617764834365,0.92
660,0.1375850949480473,0.7149617764834365,0.91946185
661,0.1375850949480473,0.7164179104477612,0.9183537
662,0.13830168398423504,0.7164179104477612,0.9162987
663,0.13830168398423504,0.7186021113942482,0.91107804
664,0.13865997850232892,0.7186021113942482,0.910987
665,0.13865997850232892,0.7189661448853295,0.910719
666,0.13937656753851665,0.7189661448853295,0.91046596
667,0.13937656753851665,0.7193301783764107,0.91009337
668,0.13973486205661054,0.7222424463050601,0.91
669,0.14009315657470442,0.7222424463050601,0.909493
670,0.14009315657470442,0.7236985802693848,0.9082629
671,0.14080974561089216,0.7236985802693848,0.9081759
672,0.14080974561089216,0.7244266472515472,0.9065052
673,0.14116804012898604,0.7244266472515472,0.90541947
674,0.14116804012898604,0.7251547142337095,0.9044486
675,0.14188462916517378,0.7251547142337095,0.9031727
676,0.14188462916517378,0.7255187477247906,0.90184015
677,0.14224292368326766,0.7255187477247906,0.90117496
678,0.14224292368326766,0.7258827812158719,0.9010412
679,0.14224292368326766,0.7277029486712777,0.9
680,0.14224292368326766,0.728066982162359,0.89983654
681,0.1429595127194554,0.728066982162359,0.89873034
682,0.1429595127194554,0.7287950491445213,0.8982236
683,0.14331780723754928,0.7287950491445213,0.8968744
684,0.14331780723754928,0.7306152165999272,0.89273083
685,0.14403439627373701,0.7306152165999272,0.891556
686,0.14403439627373701,0.7309792500910084,0.8913213
687,0.14475098530992475,0.7309792500910084,0.89048666
688,0.14475098530992475,0.7320713505642519,0.89
689,0.14475098530992475,0.7335274845285766,0.8871874
690,0.14654245790039414,0.7335274845285766,0.8836778
691,0.14654245790039414,0.7338915180196578,0.8830357
692,0.14725904693658187,0.7338915180196578,0.88198686
693,0.14725904693658187,0.7346195850018201,0.88161594
694,0.14761734145467575,0.7368037859483072,0.88
695,0.1483339304908635,0.7368037859483072,0.87781674
696,0.1483339304908635,0.7378958864215508,0.8767971
697,0.14869222500895737,0.7378958864215508,0.8766828
698,0.14869222500895737,0.7393520203858756,0.8726366
699,0.15048369759942673,0.7393520203858756,0.8709662
700,0.15048369759942673,0.7397160538769567,0.8706602
701,0.1508419921175206,0.7397160538769567,0.87063813
702,0.1508419921175206,0.7419002548234438,0.87
703,0.1508419921175206,0.7429923552966873,0.8689553
704,0.15155858115370835,0.7429923552966873,0.86694515
705,0.15155858115370835,0.7433563887877684,0.86551666
706,0.15191687567180223,0.7433563887877684,0.86540234
707,0.15191687567180223,0.7437204222788496,0.8650781
708,0.15263346470798997,0.7437204222788496,0.8647556
709,0.15263346470798997,0.7440844557699309,0.8637672
710,0.15263346470798997,0.7459046232253367,0.86
711,0.1533500537441777,0.7459046232253367,0.8585292
712,0.1533500537441777,0.748452857662905,0.85239553
713,0.1537083482622716,0.748452857662905,0.85072577
714,0.15442493729845932,0.7502730251183108,0.85
715,0.15442493729845932,0.7506370586093921,0.84985185
716,0.15549982085274094,0.7506370586093921,0.8451373
717,0.15549982085274094,0.7513651255915544,0.8433318
718,0.1562164098889287,0.7513651255915544,0.8416295
719,0.15693299892511645,0.7524572260647979,0.84
720,0.15693299892511645,0.7535493265380415,0.83756316
721,0.15729129344321033,0.7535493265380415,0.8370629
722,0.15729129344321033,0.7539133600291227,0.8314345
723,0.15764958796130418,0.7557335274845286,0.83
724,0.15800788247939807,0.7557335274845286,0.82903713
725,0.15800788247939807,0.7564615944666909,0.8286757
726,0.1587244715155858,0.7564615944666909,0.8264986
727,0.1587244715155858,0.7575536949399345,0.8219131
728,0.15908276603367968,0.7575536949399345,0.82018024
729,0.15944106055177357,0.7608299963596651,0.82
730,0.15979935506986742,0.7608299963596651,0.8194399
731,0.15979935506986742,0.7615580633418274,0.8137089
732,0.1601576495879613,0.7615580633418274,0.8135496
733,0.1601576495879613,0.7619220968329087,0.8134794
734,0.1605159441060552,0.7644703312704769,0.81
735,0.1615908276603368,0.7644703312704769,0.8078178
736,0.1615908276603368,0.7651983982526392,0.8076892
737,0.16302400573271228,0.7651983982526392,0.80355644
738,0.16302400573271228,0.7659264652348016,0.80004525
739,0.16374059476890004,0.7670185657080452,0.8
740,0.16374059476890004,0.7677466326902075,0.79971766
741,0.1640988892869939,0.7677466326902075,0.798479
742,0.1640988892869939,0.7684746996723698,0.7938512
743,0.16445718380508778,0.7684746996723698,0.7923171
744,0.16445718380508778,0.7688387331634511,0.79070103
745,0.16445718380508778,0.7695668001456134,0.79
746,0.16481547832318166,0.7695668001456134,0.78994274
747,0.16481547832318166,0.7699308336366946,0.7898949
748,0.16517377284127552,0.7699308336366946,0.7898062
749,0.16517377284127552,0.7717510010921005,0.7838648
750,0.1655320673593694,0.7717510010921005,0.7800136
751,0.16624865639555714,0.7732071350564252,0.78
752,0.16624865639555714,0.7739352020385876,0.7717266
753,0.16660695091365102,0.7739352020385876,0.77048814
754,0.16732353994983876,0.7757553694939935,0.77
755,0.16768183446793264,0.7757553694939935,0.7694524
756,0.16768183446793264,0.7761194029850746,0.76699334
757,0.16911501254030814,0.7761194029850746,0.76103425
758,0.169473307058402,0.7775755369493993,0.76
759,0.169473307058402,0.7786676374226429,0.7565572
760,0.17054819061268361,0.7786676374226429,0.75194633
761,0.1709064851307775,0.7793957044048052,0.75
762,0.1709064851307775,0.7797597378958864,0.74894416
763,0.172339663203153,0.7797597378958864,0.74106735
764,0.172339663203153,0.78085183836913,0.74
765,0.17269795772124685,0.78085183836913,0.7378321
766,0.17269795772124685,0.7815799053512923,0.7323698
767,0.17305625223934074,0.783036039315617,0.73
768,0.17341454675743462,0.783036039315617,0.7206308
769,0.17341454675743462,0.7837641062977794,0.72
770,0.17377284127552847,0.7837641062977794,0.7177834
771,0.17377284127552847,0.784856206771023,0.71034056
772,0.17377284127552847,0.7859483072442665,0.71
773,0.17377284127552847,0.7863123407353476,0.70918554
774,0.17413113579362235,0.7863123407353476,0.70578545
775,0.17413113579362235,0.78704040771751,0.7002106
776,0.17413113579362235,0.7881325081907535,0.7
777,0.17520601934790397,0.7881325081907535,0.6939314
778,0.17520601934790397,0.7884965416818347,0.69359505
779,0.17556431386599786,0.7892246086639971,0.69
780,0.17556431386599786,0.7895886421550783,0.6863605
781,0.1759226083840917,0.7895886421550783,0.6861213
782,0.1759226083840917,0.7899526756461595,0.68478066
783,0.1762809029021856,0.7899526756461595,0.6837274
784,0.17663919742027948,0.7903167091372406,0.68
785,0.1773557864564672,0.7903167091372406,0.67396885
786,0.1773557864564672,0.7906807426283218,0.671482
787,0.1777140809745611,0.7910447761194029,0.67
788,0.1777140809745611,0.7914088096104842,0.66247207
789,0.17807237549265495,0.7914088096104842,0.66
790,0.17807237549265495,0.79322897706589,0.65311205
791,0.17878896452884271,0.79322897706589,0.65251577
792,0.17914725904693657,0.7935930105569713,0.65
793,0.17986384808312433,0.7935930105569713,0.64674735
794,0.17986384808312433,0.7939570440480525,0.6460195
795,0.1802221426012182,0.7939570440480525,0.645964
796,0.1802221426012182,0.7943210775391336,0.64069617
797,0.1802221426012182,0.7950491445212959,0.64
798,0.1802221426012182,0.7968693119767019,0.62028325
799,0.18058043711931207,0.7975973789588642,0.62
800,0.18058043711931207,0.7979614124499453,0.61549455
801,0.18093873163740595,0.7979614124499453,0.61345077
802,0.18093873163740595,0.7986894794321078,0.6001487
803,0.1812970261554998,0.7990535129231889,0.6
804,0.1812970261554998,0.7994175464142701,0.59828955
805,0.1812970261554998,0.8005096468875137,0.59
806,0.1812970261554998,0.8008736803785949,0.58240634
807,0.18237190970978143,0.8008736803785949,0.57
808,0.18237190970978143,0.8016017473607572,0.56
809,0.18237190970978143,0.8019657808518383,0.55203444
810,0.18380508778215693,0.8019657808518383,0.53
811,0.18380508778215693,0.8023298143429195,0.48081914
812,0.18380508778215693,0.8030578813250819,0.47
813,0.1841633823002508,0.8030578813250819,0.46
814,0.1845216768183447,0.8034219148161631,0.44
815,0.18487997133643855,0.8034219148161631,0.43744236
816,0.18487997133643855,0.8037859483072443,0.42244446
817,0.18667144392690793,0.8037859483072443,0.3902515
818,0.18774632748118955,0.8041499817983254,0.39
819,0.18774632748118955,0.8045140152894066,0.38721287
820,0.1881046219992834,0.8048780487804879,0.38
821,0.1884629165173773,0.8048780487804879,0.373309
822,0.1884629165173773,0.8056061157626502,0.37216964
823,0.18917950555356502,0.8056061157626502,0.37
824,0.18917950555356502,0.8063341827448125,0.36379373
825,0.19132927266212826,0.8063341827448125,0.35507488
826,0.19132927266212826,0.8070622497269749,0.35068548
827,0.19276245073450377,0.8081543502002184,0.35
828,0.19312074525259765,0.8081543502002184,0.3481381
829,0.19312074525259765,0.8085183836912996,0.34336945
830,0.1934790397706915,0.8085183836912996,0.3412862
831,0.19383733428878538,0.8088824171823807,0.34
832,0.19455392332497312,0.8088824171823807,0.3386027
833,0.19670369043353636,0.8103385511467055,0.33
834,0.19706198495163024,0.8103385511467055,0.32981253
835,0.19706198495163024,0.8107025846377867,0.32975486
836,0.19742027946972412,0.8107025846377867,0.32933882
837,0.19742027946972412,0.8110666181288678,0.32834607
838,0.19849516302400574,0.8110666181288678,0.32
839,0.19849516302400574,0.811430651619949,0.3151427
840,0.1988534575420996,0.811430651619949,0.3147943
841,0.19992834109638122,0.811430651619949,0.31
842,0.2002866356144751,0.811430651619949,0.30740228
843,0.2002866356144751,0.8117946851110303,0.30109873
844,0.20064493013256898,0.8117946851110303,0.30071902
845,0.20100322465066284,0.8121587186021114,0.3
846,0.20100322465066284,0.8132508190753549,0.2970944
847,0.20136151916875672,0.8132508190753549,0.29678586
848,0.20136151916875672,0.8139788860575173,0.29206216
849,0.2017198136868506,0.8139788860575173,0.2901088
850,0.20351128627731996,0.8143429195485985,0.29
851,0.2042278753135077,0.8143429195485985,0.288089
852,0.2042278753135077,0.8147069530396797,0.2800793
853,0.20458616983160158,0.8147069530396797,0.28004795
854,0.20601934790397708,0.8150709865307608,0.28
855,0.20601934790397708,0.8157990535129231,0.2760548
856,0.20637764242207093,0.8157990535129231,0.2728793
857,0.20637764242207093,0.8161630870040044,0.2710518
858,0.20673593694016482,0.8161630870040044,0.27099282
859,0.20781082049444644,0.8168911539861667,0.27
860,0.20852740953063417,0.8168911539861667,0.26420805
861,0.20852740953063417,0.8179832544594102,0.26189688
862,0.21031888212110356,0.8179832544594102,0.26
863,0.2106771766391974,0.8179832544594102,0.25685492
864,0.2106771766391974,0.8198034219148161,0.2513292
865,0.21139376567538518,0.8198034219148161,0.25
866,0.2124686492296668,0.8198034219148161,0.24222034
867,0.21354353278394841,0.8198034219148161,0.24
868,0.21354353278394841,0.8205314888969785,0.23805627
869,0.21426012182013615,0.8205314888969785,0.23737164
870,0.21426012182013615,0.8216235893702221,0.23327163
871,0.2149767108563239,0.8216235893702221,0.23
872,0.2149767108563239,0.8227156898434655,0.22521229
873,0.21712647796488713,0.8227156898434655,0.21797016
874,0.21712647796488713,0.8230797233345468,0.21592434
875,0.21820136151916875,0.8230797233345468,0.21007754
876,0.21927624507345037,0.8230797233345468,0.21
877,0.21999283410963813,0.8230797233345468,0.20853189
878,0.21999283410963813,0.8238077903167091,0.20770527
879,0.2214260121820136,0.8238077903167091,0.2028186
880,0.2214260121820136,0.8241718238077903,0.2011389
881,0.2217843067001075,0.8241718238077903,0.20059583
882,0.2217843067001075,0.8248998907899526,0.20026392
883,0.22214260121820137,0.8248998907899526,0.20020005
884,0.2242923683267646,0.8259919912631962,0.2
885,0.22500895736295234,0.8259919912631962,0.1972406
886,0.22500895736295234,0.8263560247542774,0.19653678
887,0.22608384091723396,0.8263560247542774,0.19347347
888,0.22608384091723396,0.8267200582453585,0.19100276
889,0.22715872447151558,0.8267200582453585,0.19
890,0.22751701898960947,0.8267200582453585,0.18988526
891,0.22751701898960947,0.827448125227521,0.18612532
892,0.22787531350770332,0.827448125227521,0.18343495
893,0.22787531350770332,0.8278121587186021,0.18296883
894,0.2282336080257972,0.8278121587186021,0.18237002
895,0.2282336080257972,0.8289042591918456,0.18021436
896,0.22895019706198494,0.8289042591918456,0.18
897,0.2296667860981727,0.8289042591918456,0.17857057
898,0.2296667860981727,0.8296323261740081,0.17646928
899,0.23002508061626656,0.8296323261740081,0.17639382
900,0.23002508061626656,0.8299963596650892,0.17600933
901,0.23038337513436044,0.8299963596650892,0.17523517
902,0.23038337513436044,0.8303603931561704,0.1725524
903,0.23109996417054818,0.8303603931561704,0.17086525
904,0.23109996417054818,0.8307244266472515,0.17025018
905,0.23289143676101756,0.8307244266472515,0.17
906,0.2336080257972053,0.8307244266472515,0.16895486
907,0.2336080257972053,0.8310884601383327,0.1689197
908,0.23396632031529918,0.8310884601383327,0.16519639
909,0.23396632031529918,0.8314524936294139,0.16375725
910,0.23468290935148692,0.8314524936294139,0.16239682
911,0.23468290935148692,0.8325445941026575,0.16012028
912,0.23719097097814404,0.8325445941026575,0.16
913,0.23790756001433178,0.8325445941026575,0.15866224
914,0.23790756001433178,0.8340007280669821,0.15314256
915,0.23862414905051954,0.8340007280669821,0.15013865
916,0.24005732712289501,0.8347287950491445,0.15
917,0.24005732712289501,0.835820895522388,0.14872997
918,0.2404156216409889,0.835820895522388,0.1477349
919,0.2404156216409889,0.837641062977794,0.14524011
920,0.24077391615908278,0.837641062977794,0.14520797
921,0.24077391615908278,0.8380050964688751,0.14239068
922,0.24149050519527052,0.8380050964688751,0.14164607
923,0.24149050519527052,0.8383691299599563,0.14143759
924,0.2418487997133644,0.8383691299599563,0.14086491
925,0.24328197778573987,0.8390971969421187,0.14
926,0.24364027230383375,0.8390971969421187,0.13941686
927,0.24364027230383375,0.8394612304331999,0.13885687
928,0.24399856682192764,0.8394612304331999,0.13756518
929,0.24399856682192764,0.839825263924281,0.13660023
930,0.2454317448943031,0.839825263924281,0.1309196
931,0.24793980652096023,0.8405533309064434,0.13
932,0.24829810103905411,0.8405533309064434,0.12945072
933,0.24829810103905411,0.8412813978886058,0.127576
934,0.24937298459333573,0.8412813978886058,0.12193376
935,0.24937298459333573,0.841645431379687,0.121548615
936,0.2511644571838051,0.841645431379687,0.12
937,0.2511644571838051,0.8420094648707681,0.11918386
938,0.25152275170189897,0.8420094648707681,0.11821033
939,0.25152275170189897,0.8427375318529304,0.11799956
940,0.25188104621999285,0.8427375318529304,0.117038116
941,0.25188104621999285,0.8431015653440116,0.11686635
942,0.25582228591902545,0.8431015653440116,0.11236289
943,0.25582228591902545,0.8434655988350929,0.111686304
944,0.2572554639914009,0.8434655988350929,0.11
945,0.2579720530275887,0.8434655988350929,0.108998984
946,0.2579720530275887,0.8441936658172552,0.10684121
947,0.25833034754568257,0.8441936658172552,0.105263904
948,0.25833034754568257,0.8445576993083364,0.10462678
949,0.25976352561805804,0.8445576993083364,0.1038815
950,0.25976352561805804,0.8449217327994175,0.103213616
951,0.2611967036904335,0.8449217327994175,0.1002094
952,0.26262988176280905,0.8449217327994175,0.1
953,0.2640630598351845,0.8449217327994175,0.09909833
954,0.2640630598351845,0.84564979978158,0.09718798
955,0.26657112146184164,0.84564979978158,0.09224542
956,0.26657112146184164,0.8460138332726611,0.09217594
957,0.2669294159799355,0.8460138332726611,0.090724945
958,0.27051236116087424,0.8467419002548234,0.09
959,0.27051236116087424,0.847834000728067,0.08911042
960,0.2708706556789681,0.847834000728067,0.08832778
961,0.2708706556789681,0.8481980342191482,0.088118106
962,0.2715872447151559,0.8481980342191482,0.08713968
963,0.2715872447151559,0.8485620677102294,0.08682172
964,0.2719455392332497,0.8485620677102294,0.08670299
965,0.2719455392332497,0.8489261012013105,0.086628094
966,0.27302042278753136,0.8489261012013105,0.08565172
967,0.27302042278753136,0.8492901346923917,0.08436526
968,0.2748118953780007,0.8492901346923917,0.08199571
969,0.27731995700465784,0.8500182016745541,0.08
970,0.2794697241132211,0.8500182016745541,0.07730523
971,0.2794697241132211,0.8503822351656353,0.077111505
972,0.28090290218559655,0.8503822351656353,0.07537556
973,0.28090290218559655,0.8511103021477976,0.07515101
974,0.2823360802579721,0.8511103021477976,0.074124455
975,0.2823360802579721,0.8514743356388788,0.0734078
976,0.2830526692941598,0.8514743356388788,0.07272949
977,0.2830526692941598,0.8518383691299599,0.07235847
978,0.28376925833034755,0.8518383691299599,0.07154722
979,0.28376925833034755,0.8522024026210412,0.07077075
980,0.28735220351128626,0.8525664361121224,0.07
981,0.28735220351128626,0.8529304696032035,0.06951558
982,0.28771049802938015,0.8529304696032035,0.06941909
983,0.28771049802938015,0.8532945030942847,0.06940078
984,0.2884270870655679,0.8532945030942847,0.0690497
985,0.2884270870655679,0.8543866035675282,0.06818242
986,0.2895019706198495,0.8543866035675282,0.06738101
987,0.2895019706198495,0.8551146705496906,0.06676463
988,0.29093514869222503,0.8551146705496906,0.065258436
989,0.29093514869222503,0.8554787040407718,0.06488086
990,0.29165173772841274,0.8554787040407718,0.06456242
991,0.29165173772841274,0.8562067710229341,0.06439759
992,0.2920100322465066,0.8562067710229341,0.06427064
993,0.2920100322465066,0.8572988714961777,0.06353226
994,0.293801504836976,0.8572988714961777,0.061229777
995,0.293801504836976,0.85802693847834,0.06098427
996,0.29415979935506986,0.85802693847834,0.060781065
997,0.296667860981727,0.8583909719694212,0.06
998,0.29702615549982087,0.8583909719694212,0.059498478
999,0.29702615549982087,0.8587550054605023,0.058143813
1000,0.2977427445360086,0.8587550054605023,0.057324678
1001,0.2977427445360086,0.8598471059337459,0.055572607
1002,0.29810103905410246,0.8598471059337459,0.05530677
1003,0.29810103905410246,0.8602111394248271,0.054839827
1004,0.29845933357219634,0.8602111394248271,0.054525886
1005,0.29845933357219634,0.8605751729159082,0.054349545
1006,0.2988176280902902,0.8605751729159082,0.054322302
1007,0.2988176280902902,0.8609392064069894,0.05429808
1008,0.2991759226083841,0.8609392064069894,0.053827394
1009,0.2991759226083841,0.8613032398980707,0.05342409
1010,0.299534217126478,0.8613032398980707,0.05340948
1011,0.299534217126478,0.862031306880233,0.052139346
1012,0.2998925116445718,0.862031306880233,0.051807366
1013,0.2998925116445718,0.8627593738623953,0.051291883
1014,0.3002508061626657,0.8627593738623953,0.05040842
1015,0.3002508061626657,0.8631234073534765,0.05018801
1016,0.3006091006807596,0.8631234073534765,0.050130196
1017,0.3016839842350412,0.8638514743356389,0.05
1018,0.3016839842350412,0.8642155078267201,0.04982475
1019,0.30204227875313505,0.8642155078267201,0.049536817
1020,0.30204227875313505,0.8645795413178012,0.049119074
1021,0.3031171623074167,0.8645795413178012,0.04868632
1022,0.3031171623074167,0.8656716417910447,0.04781375
1023,0.3034754568255106,0.8656716417910447,0.04778343
1024,0.3034754568255106,0.866035675282126,0.04768769
1025,0.3041920458616983,0.866035675282126,0.047102824
1026,0.3041920458616983,0.8663997087732072,0.04706059
1027,0.3045503403797922,0.8663997087732072,0.046689335
1028,0.3045503403797922,0.8671277757553695,0.046323765
1029,0.30490863489788606,0.8671277757553695,0.045967463
1030,0.30490863489788606,0.8682198762286131,0.045396212
1031,0.30634181297026153,0.8682198762286131,0.04442778
1032,0.30634181297026153,0.8685839097196942,0.0441758
1033,0.30849158007882477,0.8685839097196942,0.042312916
1034,0.30849158007882477,0.8689479432107754,0.041862573
1035,0.30920816911501253,0.8689479432107754,0.041482046
1036,0.30920816911501253,0.8696760101929377,0.04066265
1037,0.3102830526692942,0.8704040771751002,0.04
1038,0.3102830526692942,0.8707681106661813,0.039978594
1039,0.310641347187388,0.8707681106661813,0.039716233
1040,0.310641347187388,0.8711321441572625,0.039541535
1041,0.31171623074166965,0.8711321441572625,0.039093353
1042,0.31171623074166965,0.8718602111394248,0.038805574
1043,0.3142242923683268,0.8718602111394248,0.03759744
1044,0.3142242923683268,0.872224244630506,0.03756846
1045,0.3170906485130778,0.872224244630506,0.036015674
1046,0.3170906485130778,0.8729523116126684,0.035864417
1047,0.3174489430311716,0.8729523116126684,0.035641868
1048,0.3174489430311716,0.8733163451037496,0.03530282
1049,0.3206735936940165,0.8733163451037496,0.034525517
1050,0.3206735936940165,0.8736803785948307,0.03439
1051,0.32246506628448585,0.8736803785948307,0.03359066
1052,0.32246506628448585,0.874408445576993,0.033422567
1053,0.3231816553206736,0.874408445576993,0.03321958
1054,0.3231816553206736,0.8747724790680743,0.033098266
1055,0.32640630598351844,0.8747724790680743,0.031850882
1056,0.32640630598351844,0.8751365125591555,0.03161131
1057,0.3267646005016123,0.8751365125591555,0.031596
1058,0.3267646005016123,0.876228613032399,0.030769955
1059,0.32783948405589397,0.876228613032399,0.03007032
1060,0.3310641347187388,0.876228613032399,0.03
1061,0.33285560730920816,0.876228613032399,0.029158445
1062,0.33285560730920816,0.8765926465234801,0.02903716
1063,0.33321390182730204,0.8765926465234801,0.028945386
1064,0.33321390182730204,0.8769566800145613,0.028931376
1065,0.3335721963453959,0.8769566800145613,0.028560337
1066,0.3335721963453959,0.8776847469967237,0.028305737
1067,0.3339304908634898,0.8776847469967237,0.028180137
1068,0.3339304908634898,0.8791408809610484,0.027918322
1069,0.3353636689358653,0.8791408809610484,0.027824126
1070,0.3353636689358653,0.8798689479432108,0.027465876
1071,0.33608025797205304,0.8798689479432108,0.027190445
1072,0.33608025797205304,0.880232981434292,0.027070297
1073,0.33679684700824075,0.880232981434292,0.026849015
1074,0.33679684700824075,0.8805970149253731,0.026783012
1075,0.33858831959871016,0.8805970149253731,0.02650641
1076,0.33858831959871016,0.8809610484164543,0.026448956
1077,0.338946614116804,0.8809610484164543,0.026421733
1078,0.338946614116804,0.8813250819075354,0.026413796
1079,0.34002149767108564,0.8813250819075354,0.026053293
1080,0.34002149767108564,0.8816891153986167,0.026051043
1081,0.34288785381583664,0.8816891153986167,0.02552857
1082,0.34288785381583664,0.8820531488896979,0.025312576
1083,0.34324614833393047,0.8820531488896979,0.025237527
1084,0.34324614833393047,0.882417182380779,0.02519814
1085,0.34611250447868147,0.882417182380779,0.024244187
1086,0.34611250447868147,0.8827812158718602,0.02417335
1087,0.34682909351486924,0.8827812158718602,0.0239601
1088,0.34682909351486924,0.8831452493629414,0.023917956
1089,0.34754568255105694,0.8831452493629414,0.02388664
1090,0.34754568255105694,0.8835092828540225,0.023845147
1091,0.3479039770691508,0.8835092828540225,0.023702588
1092,0.3479039770691508,0.8838733163451038,0.023698341
1093,0.3482622715872447,0.8838733163451038,0.023674048
1094,0.3482622715872447,0.884237349836185,0.023586245
1095,0.35005374417771407,0.884237349836185,0.02298118
1096,0.35005374417771407,0.8849654168183473,0.022181569
1097,0.35077033321390183,0.8849654168183473,0.021736411
1098,0.35077033321390183,0.8853294503094284,0.02146899
1099,0.35363668935865283,0.8853294503094284,0.020590477
1100,0.35363668935865283,0.8856934838005096,0.020533511
1101,0.3557864564672161,0.8856934838005096,0.020184401
1102,0.3557864564672161,0.8860575172915909,0.020120796
1103,0.3561447509853099,0.8860575172915909,0.02
1104,0.3561447509853099,0.8867855842737532,0.019935276
1105,0.35721963453959155,0.8867855842737532,0.019137494
1106,0.35721963453959155,0.8878776847469967,0.018869998
1107,0.3579362235757793,0.8878776847469967,0.018572994
1108,0.3579362235757793,0.8882417182380778,0.018431265
1109,0.35829451809387314,0.8882417182380778,0.018309614
1110,0.35829451809387314,0.8889697852202403,0.018035183
1111,0.358652812611967,0.8889697852202403,0.018003644
1112,0.358652812611967,0.8893338187113214,0.017671073
1113,0.36116087423862414,0.8893338187113214,0.017100578
1114,0.36116087423862414,0.8904259191845649,0.016928272
1115,0.3629523468290935,0.8904259191845649,0.01655573
1116,0.3629523468290935,0.8907899526756462,0.016512612
1117,0.3633106413471874,0.8907899526756462,0.016475072
1118,0.3633106413471874,0.8911539861667274,0.016428618
1119,0.3654604084557506,0.8911539861667274,0.016028862
1120,0.3654604084557506,0.8915180196578085,0.015932508
1121,0.36796847008240774,0.8915180196578085,0.015366885
1122,0.36796847008240774,0.8918820531488897,0.015202778
1123,0.3690433536366894,0.8918820531488897,0.015134268
1124,0.3690433536366894,0.8922460866399708,0.014965379
1125,0.37155141526334645,0.8922460866399708,0.014319172
1126,0.37155141526334645,0.892610120131052,0.014278915
1127,0.3726262988176281,0.892610120131052,0.014029235
1128,0.3726262988176281,0.8929741536221333,0.013965234
1129,0.3737011823719097,0.8929741536221333,0.0136365015
1130,0.3737011823719097,0.8933381871132144,0.013632205
1131,0.3740594768900036,0.8933381871132144,0.013406063
1132,0.3740594768900036,0.8937022206042956,0.013304538
1133,0.37441777140809746,0.8937022206042956,0.013251997
1134,0.37441777140809746,0.8940662540953768,0.013216048
1135,0.37477606592619134,0.8940662540953768,0.013127199
1136,0.37477606592619134,0.8944302875864579,0.012777478
1137,0.3762092439985668,0.8944302875864579,0.012468176
1138,0.3762092439985668,0.8947943210775391,0.012369353
1139,0.3801504836975994,0.8947943210775391,0.011044445
1140,0.3801504836975994,0.8951583545686204,0.010994713
1141,0.38086707273378717,0.8951583545686204,0.010967917
1142,0.38086707273378717,0.8958864215507827,0.010680351
1143,0.38158366176997494,0.8958864215507827,0.010635027
1144,0.38158366176997494,0.8969785220240262,0.01052932
1145,0.38230025080616264,0.8969785220240262,0.010412646
1146,0.38230025080616264,0.8973425555151074,0.010385153
1147,0.3837334288785382,0.8973425555151074,0.010154525
1148,0.3837334288785382,0.8977065890061886,0.010119525
1149,0.38409172339663206,0.8977065890061886,0.010092506
1150,0.38409172339663206,0.8980706224972698,0.0099502755
1151,0.3858831959871014,0.8980706224972698,0.009502569
1152,0.3858831959871014,0.8984346559883509,0.009469634
1153,0.386958079541383,0.8984346559883509,0.009396366
1154,0.386958079541383,0.8987986894794321,0.009361195
1155,0.38910784664994624,0.8987986894794321,0.009088253
1156,0.38910784664994624,0.8995267564615944,0.009006879
1157,0.3905410247223218,0.8995267564615944,0.008894277
1158,0.3905410247223218,0.8998907899526757,0.008846369
1159,0.3908993192404156,0.8998907899526757,0.008764522
1160,0.3908993192404156,0.9002548234437568,0.008703507
1161,0.39304908634897884,0.9002548234437568,0.008473725
1162,0.39304908634897884,0.900618856934838,0.008417923
1163,0.3934073808670727,0.900618856934838,0.0083516305
1164,0.3934073808670727,0.9013469239170003,0.00820943
1165,0.3937656753851666,0.9013469239170003,0.008124317
1166,0.3937656753851666,0.9017109574080815,0.008123545
1167,0.39448226442135437,0.9017109574080815,0.008055535
1168,0.39448226442135437,0.9024390243902439,0.0080216145
1169,0.39484055893944825,0.9024390243902439,0.008010053
1170,0.39484055893944825,0.9028030578813251,0.007978245
1171,0.39591544249372984,0.9028030578813251,0.007855896
1172,0.39591544249372984,0.9031670913724062,0.007819535
1173,0.3969903260480115,0.9031670913724062,0.0077544
1174,0.3969903260480115,0.9035311248634874,0.007686019
1175,0.40128986026513797,0.9035311248634874,0.007219201
1176,0.40128986026513797,0.9038951583545686,0.007197269
1177,0.4016481547832318,0.9038951583545686,0.0071894783
1178,0.4016481547832318,0.9042591918456498,0.0070453943
1179,0.4041562164098889,0.9042591918456498,0.006810605
1180,0.4041562164098889,0.904623225336731,0.00676801
1181,0.40523109996417056,0.904623225336731,0.0065913326
1182,0.40523109996417056,0.9049872588278122,0.006578282
1183,0.40558939448226444,0.9049872588278122,0.00657554
1184,0.40558939448226444,0.9053512923188933,0.0064590177
1185,0.40953063418129704,0.9053512923188933,0.0061347736
1186,0.40953063418129704,0.9057153258099745,0.0059974133
1187,0.4098889286993909,0.9057153258099745,0.0059816963
1188,0.4098889286993909,0.9060793593010557,0.0059571676
1189,0.4113221067717664,0.9060793593010557,0.0058689457
1190,0.4113221067717664,0.9064433927921369,0.0058668065
1191,0.4141884629165174,0.9064433927921369,0.005567361
1192,0.4141884629165174,0.9068074262832181,0.0055528786
1193,0.4145467574346112,0.9068074262832181,0.005490685
1194,0.4145467574346112,0.9071714597742992,0.005448492
1195,0.415263346470799,0.9071714597742992,0.0054352265
1196,0.415263346470799,0.9075354932653804,0.0053193183
1197,0.41705481906126834,0.9075354932653804,0.0051609646
1198,0.41705481906126834,0.9078995267564616,0.005098599
1199,0.42242923683267647,0.9078995267564616,0.004660367
1200,0.42242923683267647,0.9082635602475427,0.0046574613
1201,0.42314582586886423,0.9082635602475427,0.0045838007
1202,0.42314582586886423,0.908627593738624,0.0045778
1203,0.4249372984593336,0.908627593738624,0.004492789
1204,0.4249372984593336,0.9089916272297052,0.00448227
1205,0.42637047653170906,0.9089916272297052,0.004422216
1206,0.42637047653170906,0.9093556607207863,0.004412006
1207,0.42708706556789683,0.9093556607207863,0.0043590553
1208,0.42708706556789683,0.9097196942118675,0.0043177987
1209,0.4274453600859907,0.9097196942118675,0.0043090987
1210,0.4274453600859907,0.9100837277029487,0.0042542433
1211,0.4288785381583662,0.9100837277029487,0.00421563
1212,0.4288785381583662,0.9104477611940298,0.004201663
1213,0.4313865997850233,0.9104477611940298,0.0039325054
1214,0.4313865997850233,0.910811794685111,0.003926436
1215,0.432103188821211,0.910811794685111,0.0038591288
1216,0.432103188821211,0.9111758281761922,0.003839358
1217,0.43353636689358654,0.9111758281761922,0.0037959176
1218,0.43353636689358654,0.9115398616672734,0.0037699598
1219,0.43425295592977425,0.9115398616672734,0.0036476674
1220,0.43425295592977425,0.9119038951583546,0.0036392687
1221,0.4356861340021498,0.9119038951583546,0.0034992977
1222,0.4356861340021498,0.9122679286494357,0.003475376
1223,0.4389107846649946,0.9122679286494357,0.0031225323
1224,0.4389107846649946,0.9126319621405169,0.0031208463
1225,0.4392690791830885,0.9126319621405169,0.0031082577
1226,0.4392690791830885,0.9129959956315981,0.0030817243
1227,0.4396273737011824,0.9129959956315981,0.0030648545
1228,0.4396273737011824,0.9137240626137605,0.0030366918
1229,0.44034396273737014,0.9137240626137605,0.002940284
1230,0.44034396273737014,0.9144521295959228,0.0028737097
1231,0.4424937298459334,0.9144521295959228,0.002800803
1232,0.4424937298459334,0.9155442300691664,0.0027454672
1233,0.44392690791830886,0.9155442300691664,0.0026680175
1234,0.44392690791830886,0.9159082635602476,0.0026533117
1235,0.4446434969544966,0.9159082635602476,0.002650898
1236,0.4446434969544966,0.9162722970513287,0.0026491005
1237,0.44822644213543533,0.9162722970513287,0.002558409
1238,0.44822644213543533,0.9166363305424099,0.0025575103
1239,0.45109279828018634,0.9166363305424099,0.002454523
1240,0.45109279828018634,0.9170003640334911,0.002427459
1241,0.4528842708706557,0.9170003640334911,0.0023372767
1242,0.4528842708706557,0.9173643975245722,0.002336894
1243,0.4539591544249373,0.9173643975245722,0.0023081275
1244,0.4539591544249373,0.9177284310156535,0.002292076
1245,0.45503403797921893,0.9177284310156535,0.002271708
1246,0.45503403797921893,0.9180924645067347,0.0022674093
1247,0.45825868864206376,0.9180924645067347,0.0020715848
1248,0.45825868864206376,0.9184564979978158,0.002050399
1249,0.46148333930490865,0.9184564979978158,0.0019132792
1250,0.46148333930490865,0.918820531488897,0.0019102895
1251,0.4629165173772841,0.918820531488897,0.0018968007
1252,0.4629165173772841,0.9191845649799781,0.0018905903
1253,0.463274811895378,0.9191845649799781,0.0018669458
1254,0.463274811895378,0.9195485984710593,0.001864296
1255,0.46542457900394124,0.9195485984710593,0.0017953322
1256,0.46542457900394124,0.9199126319621406,0.0017950106
1257,0.46649946255822283,0.9199126319621406,0.0017671149
1258,0.46649946255822283,0.9202766654532217,0.0017561426
1259,0.4725904693658187,0.9202766654532217,0.0015902399
1260,0.4725904693658187,0.9206406989443029,0.0015845676
1261,0.47474023647438196,0.9206406989443029,0.0015225348
1262,0.47474023647438196,0.921004732435384,0.0015159639
1263,0.47509853099247584,0.921004732435384,0.0015095761
1264,0.47509853099247584,0.9213687659264652,0.0014985165
1265,0.47868147617341456,0.9213687659264652,0.0014006277
1266,0.47868147617341456,0.9217327994175464,0.0013925391
1267,0.48011465424579003,0.9217327994175464,0.0013437632
1268,0.48011465424579003,0.9220968329086275,0.0013320626
1269,0.4883554281619491,0.9220968329086275,0.0011794146
1270,0.4883554281619491,0.92282489989079,0.0011686505
1271,0.488713722680043,0.92282489989079,0.0011560847
1272,0.488713722680043,0.9231889333818711,0.0011488884
1273,0.48978860623432463,0.9231889333818711,0.0011435078
1274,0.48978860623432463,0.9235529668729523,0.0011380601
1275,0.491580078824794,0.9235529668729523,0.00111802
1276,0.491580078824794,0.9242810338551146,0.0011037709
1277,0.4948047294876388,0.9242810338551146,0.0010441691
1278,0.4948047294876388,0.9253731343283582,0.0010300091
1279,0.4951630240057327,0.9253731343283582,0.0010291134
1280,0.4951630240057327,0.9257371678194394,0.0010082935
1281,0.49623790756001435,0.9257371678194394,0.0009929503
1282,0.49623790756001435,0.9264652348016017,0.0009892738
1283,0.49731279111429594,0.9264652348016017,0.0009802984
1284,0.49731279111429594,0.926829268292683,0.0009779586
1285,0.4976710856323898,0.926829268292683,0.0009769744
1286,0.4976710856323898,0.9271933017837641,0.0009678579
1287,0.4980293801504837,0.9271933017837641,0.0009513684
1288,0.4980293801504837,0.9275573352748453,0.0009491127
1289,0.5034037979218918,0.9275573352748453,0.00086099334
1290,0.5034037979218918,0.9279213687659265,0.0008507927
1291,0.5069867431028305,0.9279213687659265,0.0008034258
1292,0.5069867431028305,0.9282854022570076,0.0008003227
1293,0.5073450376209244,0.9282854022570076,0.0007997639
1294,0.5073450376209244,0.9286494357480888,0.00079851726
1295,0.5087782156932998,0.9286494357480888,0.000769762
1296,0.5087782156932998,0.92901346923917,0.0007649321
1297,0.5091365102113937,0.92901346923917,0.00076329376
1298,0.5091365102113937,0.9293775027302512,0.0007594676
1299,0.5116445718380509,0.9293775027302512,0.0007137858
1300,0.5116445718380509,0.9297415362213324,0.00070082635
1301,0.5123611608742387,0.9297415362213324,0.0006887616
1302,0.5123611608742387,0.9301055697124135,0.00068322883
1303,0.5134360444285202,0.9301055697124135,0.0006712615
1304,0.5134360444285202,0.9304696032034947,0.0006673666
1305,0.5152275170189896,0.9304696032034947,0.0006561083
1306,0.5152275170189896,0.9308336366945759,0.00065572705
1307,0.517018989609459,0.9308336366945759,0.0006420295
1308,0.517018989609459,0.9311976701856571,0.0006356669
1309,0.5188104621999283,0.9311976701856571,0.0006074292
1310,0.5188104621999283,0.9315617036767383,0.00060522684
1311,0.5227517018989609,0.9315617036767383,0.00056366436
1312,0.5227517018989609,0.9319257371678195,0.0005584765
1313,0.5259763525618057,0.9319257371678195,0.000538504
1314,0.5259763525618057,0.9322897706589006,0.0005359588
1315,0.5266929415979935,0.9322897706589006,0.0005265029
1316,0.5266929415979935,0.9326538041499818,0.00051693403
1317,0.528126119670369,0.9326538041499818,0.00050968194
1318,0.528126119670369,0.9330178376410629,0.0005071353
1319,0.5299175922608385,0.9330178376410629,0.0005005386
1320,0.5299175922608385,0.9337459046232254,0.00049107877
1321,0.5313507703332139,0.9337459046232254,0.0004797642
1322,0.5313507703332139,0.9341099381143065,0.00047912617
1323,0.5320673593694016,0.9341099381143065,0.0004778805
1324,0.5320673593694016,0.9344739716053877,0.00047272377
1325,0.5327839484055894,0.9344739716053877,0.00047114832
1326,0.5327839484055894,0.93520203858755,0.00046531574
1327,0.5335005374417772,0.93520203858755,0.0004631609
1328,0.5335005374417772,0.9355660720786312,0.00046093424
1329,0.5360085990684342,0.9355660720786312,0.00044694653
1330,0.5360085990684342,0.9362941390607936,0.00043757173
1331,0.5370834826227159,0.9362941390607936,0.0004342755
1332,0.5370834826227159,0.9370222060429559,0.00043270615
1333,0.5381583661769975,0.9370222060429559,0.00042748527
1334,0.5381583661769975,0.9373862395340371,0.00042721853
1335,0.5388749552131853,0.9373862395340371,0.00042586043
1336,0.5388749552131853,0.9381143065161995,0.0004195947
1337,0.5413830168398424,0.9381143065161995,0.00040870707
1338,0.5413830168398424,0.9388423734983619,0.00040683773
1339,0.542457900394124,0.9388423734983619,0.00040080052
1340,0.542457900394124,0.939206406989443,0.00040074668
1341,0.5481906126836259,0.939206406989443,0.00037242388
1342,0.5481906126836259,0.9395704404805242,0.00037165955
1343,0.5489072017198137,0.9395704404805242,0.00037059674
1344,0.5489072017198137,0.9399344739716053,0.00036689301
1345,0.5496237907560014,0.9399344739716053,0.00036246944
1346,0.5496237907560014,0.9402985074626866,0.00036219382
1347,0.5514152633464708,0.9402985074626866,0.000356724
1348,0.5514152633464708,0.9410265744448489,0.0003494922
1349,0.5560730920816912,0.9410265744448489,0.0003190308
1350,0.5560730920816912,0.9413906079359301,0.0003170771
1351,0.556431386599785,0.9413906079359301,0.00031707197
1352,0.556431386599785,0.9417546414270113,0.00031687104
1353,0.5610892153350053,0.9417546414270113,0.00029570103
1354,0.5610892153350053,0.9421186749180924,0.00029562265
1355,0.5618058043711931,0.9421186749180924,0.00029223334
1356,0.5618058043711931,0.9424827084091737,0.0002911457
1357,0.5650304550340379,0.9424827084091737,0.00027834182
1358,0.5650304550340379,0.9428467419002549,0.00027783486
1359,0.5732712289501971,0.9428467419002549,0.00024084921
1360,0.5732712289501971,0.943210775391336,0.00023877177
1361,0.5747044070225725,0.943210775391336,0.00023658428
1362,0.5747044070225725,0.9435748088824172,0.00023586063
1363,0.5754209960587603,0.9435748088824172,0.00023421845
1364,0.5754209960587603,0.9439388423734983,0.00023206757
1365,0.5757792905768542,0.9439388423734983,0.00023097047
1366,0.5757792905768542,0.9443028758645795,0.00023083926
1367,0.582228591902544,0.9443028758645795,0.00021596176
1368,0.582228591902544,0.9446669093556607,0.00021444297
1369,0.5893944822644214,0.9446669093556607,0.00019868257
1370,0.5893944822644214,0.9450309428467419,0.00019783794
1371,0.5897527767825153,0.9450309428467419,0.00019724594
1372,0.5897527767825153,0.9453949763378231,0.00019720945
1373,0.5901110713006091,0.9453949763378231,0.00019707432
1374,0.5901110713006091,0.9457590098289043,0.0001968319
1375,0.5922608384091723,0.9457590098289043,0.00018831671
1376,0.5922608384091723,0.9461230433199854,0.00018500634
1377,0.5926191329272662,0.9461230433199854,0.00018390798
1378,0.5926191329272662,0.9468511103021477,0.00018359192
1379,0.593335721963454,0.9468511103021477,0.00018280515
1380,0.593335721963454,0.947215143793229,0.00018048176
1381,0.5951271945539234,0.947215143793229,0.00017551145
1382,0.5951271945539234,0.9475791772843102,0.00017471134
1383,0.5962020781082049,0.9475791772843102,0.00017263723
1384,0.5962020781082049,0.9479432107753913,0.00017240905
1385,0.5979935506986743,0.9479432107753913,0.00016936535
1386,0.5979935506986743,0.9483072442664725,0.00016798863
1387,0.5994267287710499,0.9483072442664725,0.00016318189
1388,0.5994267287710499,0.9486712777575537,0.00016223473
1389,0.6005016123253314,0.9486712777575537,0.00016022741
1390,0.6005016123253314,0.9490353112486348,0.00015917986
1391,0.6022930849158008,0.9490353112486348,0.00014864234
1392,0.6022930849158008,0.9493993447397161,0.00014852191
1393,0.6030096739519886,0.9493993447397161,0.00014614644
1394,0.6030096739519886,0.9501274117218784,0.00014166265
1395,0.604442852024364,0.9501274117218784,0.00013810677
1396,0.604442852024364,0.9508554787040407,0.00013747455
1397,0.6058760300967395,0.9508554787040407,0.00013355634
1398,0.6058760300967395,0.9512195121951219,0.00013262698
1399,0.6119670369043354,0.9512195121951219,0.00012469807
1400,0.6119670369043354,0.9515835456862032,0.00012430559
1401,0.6123253314224293,0.9515835456862032,0.00012415583
1402,0.6123253314224293,0.9519475791772843,0.00012402733
1403,0.6169831601576495,0.9519475791772843,0.00011728091
1404,0.6169831601576495,0.9523116126683655,0.000116635165
1405,0.6180580437119312,0.9523116126683655,0.00011531783
1406,0.6180580437119312,0.9526756461594467,0.00011493919
1407,0.618774632748119,0.9526756461594467,0.00011269385
1408,0.618774632748119,0.9530396796505278,0.00011268719
1409,0.6205661053385884,0.9530396796505278,0.000107650936
1410,0.6205661053385884,0.953403713141609,0.00010741469
1411,0.6237907560014332,0.953403713141609,9.595626e-05
1412,0.6237907560014332,0.9537677466326903,9.575663e-05
1413,0.6291651737728413,0.9537677466326903,9.078404e-05
1414,0.6291651737728413,0.9541317801237714,9.013743e-05
1415,0.6295234682909352,0.9541317801237714,8.833206e-05
1416,0.6295234682909352,0.9544958136148526,8.825234e-05
1417,0.6309566463633106,0.9544958136148526,8.480643e-05
1418,0.6309566463633106,0.9552238805970149,8.408532e-05
1419,0.6313149408814045,0.9552238805970149,8.3912215e-05
1420,0.6313149408814045,0.9555879140880961,8.352184e-05
1421,0.63274811895378,0.9555879140880961,8.181136e-05
1422,0.63274811895378,0.9559519475791772,8.153316e-05
1423,0.6352561805804371,0.9559519475791772,7.75265e-05
1424,0.6352561805804371,0.9563159810702585,7.737937e-05
1425,0.6399140093156575,0.9563159810702585,7.303498e-05
1426,0.6399140093156575,0.9566800145613397,7.2331e-05
1427,0.6409888928699391,0.9566800145613397,7.162492e-05
1428,0.6409888928699391,0.9570440480524208,7.156613e-05
1429,0.6417054819061269,0.9570440480524208,6.988876e-05
1430,0.6417054819061269,0.957408081543502,6.852695e-05
1431,0.652454317448943,0.957408081543502,5.6977802e-05
1432,0.652454317448943,0.9581361485256643,5.6108347e-05
1433,0.6567538516660695,0.9581361485256643,5.2888743e-05
1434,0.6567538516660695,0.9585001820167456,5.2782983e-05
1435,0.6596202078108205,0.9585001820167456,5.0279377e-05
1436,0.6596202078108205,0.9592282489989079,4.9929808e-05
1437,0.6603367968470082,0.9592282489989079,4.9619768e-05
1438,0.6603367968470082,0.9595922824899891,4.8601127e-05
1439,0.6624865639555715,0.9595922824899891,4.7223428e-05
1440,0.6624865639555715,0.9603203494721514,4.6485744e-05
1441,0.6642780365460409,0.9603203494721514,4.562981e-05
1442,0.6642780365460409,0.9606843829632327,4.5314307e-05
1443,0.6649946255822285,0.9606843829632327,4.5069046e-05
1444,0.6649946255822285,0.9610484164543138,4.5057484e-05
1445,0.6725188104622,0.9610484164543138,3.9060335e-05
1446,0.6725188104622,0.961412449945395,3.8512328e-05
1447,0.6761017556431387,0.961412449945395,3.7171107e-05
1448,0.6761017556431387,0.9617764834364761,3.7115566e-05
1449,0.6832676460050161,0.9617764834364761,3.250747e-05
1450,0.6832676460050161,0.9621405169275573,3.2486452e-05
1451,0.6847008240773916,0.9621405169275573,3.2066007e-05
1452,0.6847008240773916,0.9625045504186385,3.20253e-05
1453,0.6850591185954855,0.9625045504186385,3.1912437e-05
1454,0.6850591185954855,0.9628685839097197,3.185731e-05
1455,0.6882837692583303,0.9628685839097197,3.0526615e-05
1456,0.6882837692583303,0.9632326174008009,3.0513518e-05
1457,0.6904335363668936,0.9632326174008009,2.9470968e-05
1458,0.6904335363668936,0.9635966508918821,2.9001296e-05
1459,0.6940164815478324,0.9635966508918821,2.698098e-05
1460,0.6940164815478324,0.9639606843829632,2.682356e-05
1461,0.6972411322106772,0.9639606843829632,2.5342844e-05
1462,0.6972411322106772,0.9643247178740444,2.5241301e-05
1463,0.6990326048011466,0.9643247178740444,2.4341898e-05
1464,0.6990326048011466,0.9646887513651256,2.4329065e-05
1465,0.7029738445001792,0.9646887513651256,2.3047178e-05
1466,0.7029738445001792,0.9650527848562068,2.2981028e-05
1467,0.7072733787173057,0.9650527848562068,2.148675e-05
1468,0.7072733787173057,0.965416818347288,2.118226e-05
1469,0.7133643855249014,0.965416818347288,1.9451989e-05
1470,0.7133643855249014,0.9657808518383691,1.9434428e-05
1471,0.7180222142601218,0.9657808518383691,1.7859778e-05
1472,0.7180222142601218,0.9661448853294503,1.7543953e-05
1473,0.7212468649229666,0.9661448853294503,1.6418991e-05
1474,0.7212468649229666,0.9665089188205315,1.6092767e-05
1475,0.7226800429953422,0.9665089188205315,1.5543246e-05
1476,0.7226800429953422,0.9668729523116126,1.5527157e-05
1477,0.723038337513436,0.9668729523116126,1.5402036e-05
1478,0.723038337513436,0.9672369858026938,1.5271513e-05
1479,0.7233966320315299,0.9672369858026938,1.5207898e-05
1480,0.7233966320315299,0.9676010192937751,1.5052284e-05
1481,0.7237549265496238,0.9676010192937751,1.50307105e-05
1482,0.7237549265496238,0.9679650527848562,1.4883264e-05
1483,0.742744536008599,0.9679650527848562,1.1811782e-05
1484,0.742744536008599,0.9683290862759374,1.1690639e-05
1485,0.7445360085990684,0.9683290862759374,1.1407985e-05
1486,0.7445360085990684,0.9686931197670186,1.1395481e-05
1487,0.7452525976352562,0.9686931197670186,1.1346964e-05
1488,0.7452525976352562,0.9690571532580997,1.132464e-05
1489,0.7474023647438194,0.9690571532580997,1.1020043e-05
1490,0.7474023647438194,0.9694211867491809,1.0982264e-05
1491,0.7549265496237908,0.9694211867491809,9.546994e-06
1492,0.7549265496237908,0.9697852202402621,9.472294e-06
1493,0.7603009673951988,0.9697852202402621,8.590538e-06
1494,0.7603009673951988,0.9701492537313433,8.496385e-06
1495,0.7617341454675743,0.9701492537313433,8.4204785e-06
1496,0.7617341454675743,0.9705132872224245,8.410608e-06
1497,0.762809029021856,0.9705132872224245,8.341909e-06
1498,0.762809029021856,0.9708773207135056,8.2642155e-06
1499,0.7631673235399499,0.9708773207135056,8.098795e-06
1500,0.7631673235399499,0.9712413542045868,7.973524e-06
1501,0.7717663919742028,0.9712413542045868,6.955368e-06
1502,0.7717663919742028,0.971605387695668,6.953153e-06
1503,0.7764242207094232,0.971605387695668,6.600598e-06
1504,0.7764242207094232,0.9719694211867492,6.5580875e-06
1505,0.7767825152275171,0.9719694211867492,6.5282234e-06
1506,0.7767825152275171,0.9723334546778304,6.5224604e-06
1507,0.7792905768541741,0.9723334546778304,6.186308e-06
1508,0.7792905768541741,0.9726974881689116,6.1780065e-06
1509,0.7807237549265497,0.9726974881689116,6.019099e-06
1510,0.7807237549265497,0.973789588642155,5.8038013e-06
1511,0.7817986384808312,0.973789588642155,5.6926374e-06
1512,0.7817986384808312,0.9741536221332363,5.690651e-06
1513,0.7832318165532067,0.9741536221332363,5.421816e-06
1514,0.7832318165532067,0.9745176556243175,5.3192307e-06
1515,0.7839484055893945,0.9745176556243175,5.288145e-06
1516,0.7839484055893945,0.9748816891153986,5.268764e-06
1517,0.7889645288427087,0.9748816891153986,4.7406174e-06
1518,0.7889645288427087,0.9752457226064798,4.739198e-06
1519,0.7896811178788965,0.9752457226064798,4.676674e-06
1520,0.7896811178788965,0.9759737895886421,4.6438395e-06
1521,0.790756001433178,0.9759737895886421,4.589138e-06
1522,0.790756001433178,0.9763378230797234,4.586587e-06
1523,0.7914725904693658,0.9763378230797234,4.570771e-06
1524,0.7914725904693658,0.9770658900618857,4.523569e-06
1525,0.7932640630598352,0.9770658900618857,4.3972113e-06
1526,0.7932640630598352,0.9774299235529669,4.389276e-06
1527,0.7982801863131495,0.9774299235529669,4.046196e-06
1528,0.7982801863131495,0.977793957044048,4.036749e-06
1529,0.7989967753493371,0.977793957044048,4.0057166e-06
1530,0.7989967753493371,0.9781579905351292,3.990618e-06
1531,0.799355069867431,0.9781579905351292,3.9865026e-06
1532,0.799355069867431,0.9785220240262104,3.9531183e-06
1533,0.8004299534217126,0.9785220240262104,3.8553853e-06
1534,0.8004299534217126,0.9788860575172916,3.809415e-06
1535,0.8111787889645289,0.9788860575172916,2.8382885e-06
1536,0.8111787889645289,0.9792500910083728,2.8270936e-06
1537,0.8118953780007165,0.9792500910083728,2.8096285e-06
1538,0.8118953780007165,0.979614124499454,2.8050504e-06
1539,0.8144034396273737,0.979614124499454,2.7245417e-06
1540,0.8144034396273737,0.9803421914816163,2.5901813e-06
1541,0.8151200286635615,0.9803421914816163,2.5747077e-06
1542,0.8151200286635615,0.9807062249726974,2.5434501e-06
1543,0.8172697957721247,0.9807062249726974,2.4355513e-06
1544,0.8172697957721247,0.9810702584637787,2.404068e-06
1545,0.8201361519168757,0.9810702584637787,2.2829108e-06
1546,0.8201361519168757,0.9814342919548599,2.2659617e-06
1547,0.8212110354711573,0.9814342919548599,2.2152449e-06
1548,0.8212110354711573,0.981798325445941,2.2142922e-06
1549,0.824793980652096,0.981798325445941,2.067137e-06
1550,0.824793980652096,0.9821623589370222,2.0463963e-06
1551,0.8316015764958796,0.9821623589370222,1.8609958e-06
1552,0.8316015764958796,0.9825263924281034,1.816044e-06
1553,0.8369759942672877,0.9825263924281034,1.6597473e-06
1554,0.8369759942672877,0.9828904259191845,1.6595794e-06
1555,0.8394840558939448,0.9828904259191845,1.6093863e-06
1556,0.8394840558939448,0.983618492901347,1.5281593e-06
1557,0.8448584736653529,0.983618492901347,1.2596626e-06
1558,0.8448584736653529,0.9839825263924281,1.2325875e-06
1559,0.84736653529201,0.9839825263924281,1.1819892e-06
1560,0.84736653529201,0.9843465598835093,1.1806845e-06
1561,0.8480831243281978,0.9843465598835093,1.1713211e-06
1562,0.8480831243281978,0.9847105933745904,1.1530931e-06
1563,0.8584736653529201,0.9847105933745904,9.1371305e-07
1564,0.8584736653529201,0.9850746268656716,9.1199973e-07
1565,0.8631314940881405,0.9850746268656716,8.2803666e-07
1566,0.8631314940881405,0.9854386603567529,8.2635e-07
1567,0.8634897886062344,0.9854386603567529,8.218576e-07
1568,0.8634897886062344,0.9861667273389152,8.1940493e-07
1569,0.8656395557147976,0.9861667273389152,7.8270085e-07
1570,0.8656395557147976,0.9865307608299964,7.697429e-07
1571,0.8685059118595485,0.9865307608299964,7.267562e-07
1572,0.8685059118595485,0.9868947943210775,7.150066e-07
1573,0.8692225008957363,0.9868947943210775,7.1272933e-07
1574,0.8692225008957363,0.9872588278121587,7.068794e-07
1575,0.8695807954138302,0.9872588278121587,7.018154e-07
1576,0.8695807954138302,0.98762286130324,6.9525294e-07
1577,0.8720888570404873,0.98762286130324,6.50411e-07
1578,0.8720888570404873,0.9879868947943211,6.3796233e-07
1579,0.8742386241490505,0.9879868947943211,5.814688e-07
1580,0.8742386241490505,0.9883509282854023,5.777741e-07
1581,0.8753135077033322,0.9883509282854023,5.5040755e-07
1582,0.8753135077033322,0.9887149617764834,5.503188e-07
1583,0.8799713364385525,0.9887149617764834,4.9351064e-07
1584,0.8799713364385525,0.9890789952675646,4.914929e-07
1585,0.8810462199928341,0.9890789952675646,4.8033195e-07
1586,0.8810462199928341,0.9894430287586458,4.799281e-07
1587,0.8817628090290218,0.9894430287586458,4.7952636e-07
1588,0.8817628090290218,0.9901710957408082,4.7055784e-07
1589,0.8921533500537442,0.9901710957408082,3.6222312e-07
1590,0.8921533500537442,0.9905351292318894,3.6113659e-07
1591,0.8975277678251523,0.9905351292318894,3.241811e-07
1592,0.8975277678251523,0.9908991627229705,3.1906566e-07
1593,0.9132927266212827,0.9908991627229705,1.7209548e-07
1594,0.9132927266212827,0.9912631962140517,1.6784345e-07
1595,0.9183088498745969,0.9912631962140517,1.4349443e-07
1596,0.9183088498745969,0.9916272297051328,1.3947806e-07
1597,0.9247581512002866,0.9916272297051328,1.1047963e-07
1598,0.9247581512002866,0.991991263196214,1.1044087e-07
1599,0.9279828018631315,0.991991263196214,9.635709e-08
1600,0.9279828018631315,0.9923552966872953,9.565338e-08
1601,0.9286993908993192,0.9923552966872953,9.24066e-08
1602,0.9286993908993192,0.9927193301783764,9.171513e-08
1603,0.9297742744536008,0.9927193301783764,8.9878256e-08
1604,0.9297742744536008,0.9930833636694576,8.8935415e-08
1605,0.9337155141526334,0.9930833636694576,7.625382e-08
1606,0.9337155141526334,0.9934473971605388,7.6246835e-08
1607,0.9365818702973845,0.9934473971605388,7.1277974e-08
1608,0.9365818702973845,0.9938114306516199,7.1190065e-08
1609,0.9602293084915801,0.9938114306516199,1.8625528e-08
1610,0.9602293084915801,0.9941754641427011,1.8203787e-08
1611,0.9673951988534576,0.9941754641427011,9.6038155e-09
1612,0.9673951988534576,0.9945394976337824,9.042243e-09
1613,0.9720530275886778,0.9945394976337824,4.578053e-09
1614,0.9720530275886778,0.9949035311248635,3.96391e-09
1615,0.9742027946972411,0.9949035311248635,3.0370098e-09
1616,0.9742027946972411,0.9952675646159447,3.0319052e-09
1617,0.9806520960229308,0.9952675646159447,3.2889164e-10
1618,1.0,1.0,0.0
