,pres,recs,thresholds_prc
0,0.6663705019991115,1.0,0.00041134702041745186
1,0.6662222222222223,0.9993333333333333,0.00041322605102322996
2,0.6665184526456203,0.9993333333333333,0.0004134374321438372
3,0.666814946619217,0.9993333333333333,0.00041673576924949884
4,0.6671117044948821,0.9993333333333333,0.00042552160448394716
5,0.6674087266251113,0.9993333333333333,0.0004347411449998617
6,0.6677060133630289,0.9993333333333333,0.0004426501109264791
7,0.6680035650623886,0.9993333333333333,0.0004433794238138944
8,0.6678555506018725,0.9986666666666667,0.0004607872979249805
9,0.6681534344335415,0.9986666666666667,0.000496554421260953
10,0.6684515841142347,0.9986666666666667,0.0005201941821724176
11,0.66875,0.9986666666666667,0.0005261650076135993
12,0.6690486824475212,0.9986666666666667,0.000540301960427314
13,0.6693476318141197,0.9986666666666667,0.0005420932429842651
14,0.6696468484577559,0.9986666666666667,0.0005534172523766756
15,0.6699463327370304,0.9986666666666667,0.0005601664306595922
16,0.6702460850111857,0.9986666666666667,0.0005721052875742316
17,0.6705461056401074,0.9986666666666667,0.0005894157802686095
18,0.670846394984326,0.9986666666666667,0.0005907427985221148
19,0.671146953405018,0.9986666666666667,0.0005954666412435472
20,0.6714477812640072,0.9986666666666667,0.00060237105935812
21,0.6717488789237668,0.9986666666666667,0.0006209899438545108
22,0.6720502467474204,0.9986666666666667,0.0006229265127331018
23,0.6723518850987432,0.9986666666666667,0.0006328339804895222
24,0.6726537943421643,0.9986666666666667,0.0006354449433274567
25,0.6729559748427673,0.9986666666666667,0.0006456898408941925
26,0.6732584269662921,0.9986666666666667,0.0006500884192064404
27,0.6735611510791367,0.9986666666666667,0.0006530147511512041
28,0.6738641475483581,0.9986666666666667,0.0006607751129195094
29,0.6741674167416741,0.9986666666666667,0.0006638137856498361
30,0.6744709590274651,0.9986666666666667,0.0007003610371612012
31,0.6747747747747748,0.9986666666666667,0.0007205231231637299
32,0.6750788643533123,0.9986666666666667,0.0007218688260763884
33,0.6753832281334535,0.9986666666666667,0.0007305691251531243
34,0.6756878664862427,0.9986666666666667,0.0008128746412694454
35,0.6759927797833934,0.9986666666666667,0.0008260742179118097
36,0.6762979683972912,0.9986666666666667,0.000826326955575496
37,0.6766034327009937,0.9986666666666667,0.0008340477361343801
38,0.6769091730682332,0.9986666666666667,0.0008364162058569491
39,0.6772151898734177,0.9986666666666667,0.0008399784564971924
40,0.6775214834916328,0.9986666666666667,0.0008494156063534319
41,0.6778280542986426,0.9986666666666667,0.0008571803919039667
42,0.6781349026708918,0.9986666666666667,0.0008579640998505056
43,0.6784420289855072,0.9986666666666667,0.0008582837181165814
44,0.678749433620299,0.9986666666666667,0.000863037770614028
45,0.6790571169537625,0.9986666666666667,0.0008755566086620092
46,0.6793650793650794,0.9986666666666667,0.0008890560711733997
47,0.6796733212341198,0.9986666666666667,0.0009051277884282172
48,0.6799818429414435,0.9986666666666667,0.0009231410804204643
49,0.6802906448683016,0.9986666666666667,0.0009417043766006827
50,0.6805997273966379,0.9986666666666667,0.0009434862295165658
51,0.6809090909090909,0.9986666666666667,0.0009621676290407777
52,0.681218735788995,0.9986666666666667,0.0009810662595555186
53,0.6815286624203821,0.9986666666666667,0.000981914927251637
54,0.6818388711879836,0.9986666666666667,0.0009885912295430899
55,0.6821493624772313,0.9986666666666667,0.0010099615901708603
56,0.6824601366742596,0.9986666666666667,0.0010116246994584799
57,0.682771194165907,0.9986666666666667,0.0010176111245527864
58,0.6830825353397173,0.9986666666666667,0.0010234944056719542
59,0.6833941605839416,0.9986666666666667,0.0010278524132445455
60,0.6837060702875399,0.9986666666666667,0.001066146302036941
61,0.6840182648401827,0.9986666666666667,0.0010785141494125128
62,0.6843307446322522,0.9986666666666667,0.0010812506079673767
63,0.6846435100548446,0.9986666666666667,0.001081352587789297
64,0.6849565614997714,0.9986666666666667,0.0010857023298740387
65,0.6852698993595608,0.9986666666666667,0.0010942192748188972
66,0.6855835240274599,0.9986666666666667,0.0010952302254736423
67,0.6858974358974359,0.9986666666666667,0.0011028399458155036
68,0.6862116353641777,0.9986666666666667,0.0011058804811909795
69,0.6865261228230981,0.9986666666666667,0.001126022543758154
70,0.6868408986703347,0.9986666666666667,0.0011395339388400316
71,0.6871559633027523,0.9986666666666667,0.001168975606560707
72,0.687471317117944,0.9986666666666667,0.001187843387015164
73,0.6877869605142333,0.9986666666666667,0.0011891031172126532
74,0.6881028938906752,0.9986666666666667,0.0011944409925490618
75,0.6884191176470589,0.9986666666666667,0.0011966628953814507
76,0.6887356321839081,0.9986666666666667,0.0012026368640363216
77,0.6890524379024839,0.9986666666666667,0.0012314169434830546
78,0.689369535204786,0.9986666666666667,0.001238986849784851
79,0.6896869244935543,0.9986666666666667,0.0012619976187124848
80,0.6900046061722709,0.9986666666666667,0.0012637116014957428
81,0.6903225806451613,0.9986666666666667,0.001272320281714201
82,0.6906408483171969,0.9986666666666667,0.0012936322018504143
83,0.690959409594096,0.9986666666666667,0.0013129814760759473
84,0.6912782648823258,0.9986666666666667,0.0013358339201658964
85,0.6915974145891043,0.9986666666666667,0.0013689759653061628
86,0.6919168591224019,0.9986666666666667,0.0013804947957396507
87,0.6917744916820703,0.998,0.0013970853760838509
88,0.6920943134535368,0.998,0.0014400541549548507
89,0.6924144310823311,0.998,0.0014445672277361155
90,0.6927348449791763,0.998,0.0014902380062267184
91,0.6930555555555555,0.998,0.0014990480849519372
92,0.6933765632237147,0.998,0.001503833569586277
93,0.6936978683966636,0.998,0.0015142095508053899
94,0.694019471488178,0.998,0.001516849035397172
95,0.6943413729128015,0.998,0.0015587876550853252
96,0.6946635730858469,0.998,0.0015612400602549314
97,0.6949860724233984,0.998,0.0016084050294011831
98,0.695308871342313,0.998,0.0016229870961979032
99,0.695631970260223,0.998,0.0016326367622241378
100,0.6959553695955369,0.998,0.0016447093803435564
101,0.6962790697674418,0.998,0.0016532974550500512
102,0.696603071195905,0.998,0.0016607658471912146
103,0.696927374301676,0.998,0.0016804649494588375
104,0.6972519795062878,0.998,0.00169348472263664
105,0.6975768872320597,0.998,0.0017166162142530084
106,0.6979020979020979,0.998,0.0017741742776706815
107,0.6982276119402985,0.998,0.0017946911975741386
108,0.6985534297713486,0.998,0.0019300550920888782
109,0.6988795518207283,0.998,0.0019480501068755984
110,0.6992059785147128,0.998,0.0019605369307100773
111,0.6995327102803738,0.998,0.0019661858677864075
112,0.699859747545582,0.998,0.0019817932043224573
113,0.7001870907390084,0.998,0.001995236612856388
114,0.7005147402901264,0.998,0.0020042352844029665
115,0.7008426966292135,0.998,0.002032328862696886
116,0.7011709601873536,0.998,0.002061205916106701
117,0.7014995313964386,0.998,0.0020627835765480995
118,0.7018284106891702,0.998,0.00213229120709002
119,0.7021575984990619,0.998,0.0021571109537035227
120,0.7024870952604411,0.998,0.0021588122472167015
121,0.7028169014084507,0.998,0.002180246403440833
122,0.7031470173790512,0.998,0.0022253214847296476
123,0.7034774436090225,0.998,0.0022280781995505095
124,0.7038081805359662,0.998,0.002244798466563225
125,0.7041392285983067,0.998,0.0022620586678385735
126,0.7044705882352941,0.998,0.002339560305699706
127,0.7048022598870056,0.998,0.002365241991356015
128,0.7046632124352331,0.9973333333333333,0.0023658652789890766
129,0.704995287464656,0.9973333333333333,0.0023745109792798758
130,0.7053276756247053,0.9973333333333333,0.002377831842750311
131,0.7056603773584905,0.9973333333333333,0.002420274540781975
132,0.7059933931099576,0.9973333333333333,0.00245892396196723
133,0.7063267233238905,0.9973333333333333,0.0024994867853820324
134,0.7066603684459141,0.9973333333333333,0.0025190794840455055
135,0.7069943289224953,0.9973333333333333,0.002524289768189192
136,0.7073286052009456,0.9973333333333333,0.0025503933429718018
137,0.7076631977294229,0.9973333333333333,0.0025766410399228334
138,0.7079981069569332,0.9973333333333333,0.0026409770362079144
139,0.7083333333333334,0.9973333333333333,0.0026704445481300354
140,0.708668877309332,0.9973333333333333,0.0026749197859317064
141,0.7090047393364929,0.9973333333333333,0.002708249259740114
142,0.7093409198672357,0.9973333333333333,0.00271835969761014
143,0.7096774193548387,0.9973333333333333,0.002731841057538986
144,0.7100142382534409,0.9973333333333333,0.002735099522396922
145,0.7103513770180437,0.9973333333333333,0.0027921106666326523
146,0.710688836104513,0.9973333333333333,0.0028228596784174442
147,0.7110266159695817,0.9973333333333333,0.0028411815874278545
148,0.7113647170708511,0.9973333333333333,0.0029272150713950396
149,0.7117031398667936,0.9973333333333333,0.0029348626267164946
150,0.7120418848167539,0.9973333333333333,0.0029789642430841923
151,0.7123809523809523,0.9973333333333333,0.0030225571244955063
152,0.7127203430204859,0.9973333333333333,0.0031081719789654016
153,0.7130600571973308,0.9973333333333333,0.0031233103945851326
154,0.7134000953743443,0.9973333333333333,0.0031590943690389395
155,0.7137404580152672,0.9973333333333333,0.003159131621941924
156,0.7140811455847256,0.9973333333333333,0.003239130135625601
157,0.7144221585482331,0.9973333333333333,0.0032659373246133327
158,0.714763497372193,0.9973333333333333,0.0032802161294966936
159,0.7151051625239006,0.9973333333333333,0.003288120264187455
160,0.7154471544715447,0.9973333333333333,0.0032959936652332544
161,0.7157894736842105,0.9973333333333333,0.003345322562381625
162,0.7161321206318813,0.9973333333333333,0.0033680670894682407
163,0.7164750957854407,0.9973333333333333,0.003369296668097377
164,0.7163392429324389,0.9966666666666667,0.003406794974580407
165,0.7166826462128476,0.9966666666666667,0.003461673157289624
166,0.7170263788968825,0.9966666666666667,0.003527736756950617
167,0.7173704414587332,0.9966666666666667,0.0035652825608849525
168,0.7172347575612098,0.996,0.003580082906410098
169,0.7175792507204611,0.996,0.003613556968048215
170,0.7179240749639596,0.996,0.003619595430791378
171,0.7182692307692308,0.996,0.003690460929647088
172,0.7186147186147186,0.996,0.0036981794983148575
173,0.7189605389797883,0.996,0.00371725601144135
174,0.719306692344728,0.996,0.0037707227747887373
175,0.7196531791907514,0.996,0.0037884616758674383
176,0.72,0.996,0.003908410202711821
177,0.7203471552555448,0.996,0.0039177220314741135
178,0.7206946454413893,0.996,0.00401343684643507
179,0.721042471042471,0.996,0.004044545814394951
180,0.7213906325446644,0.996,0.004105690401047468
181,0.7217391304347827,0.996,0.004278779029846191
182,0.7220879652005799,0.996,0.004301597364246845
183,0.7224371373307543,0.996,0.004326877649873495
184,0.7227866473149492,0.996,0.00433238223195076
185,0.723136495643756,0.996,0.0044462536461651325
186,0.7234866828087168,0.996,0.004468390718102455
187,0.7238372093023255,0.996,0.004517068155109882
188,0.724188075618032,0.996,0.004557731095701456
189,0.7245392822502424,0.996,0.004620704799890518
190,0.7248908296943232,0.996,0.0046272664330899715
191,0.7252427184466019,0.996,0.004635740537196398
192,0.725594949004371,0.996,0.004653960932046175
193,0.7259475218658892,0.996,0.004728914704173803
194,0.7263004375303841,0.996,0.0047884793020784855
195,0.7266536964980544,0.996,0.004789016209542751
196,0.727007299270073,0.996,0.004789029248058796
197,0.7273612463485881,0.996,0.004794331733137369
198,0.7277155382367267,0.996,0.004817924462258816
199,0.7280701754385965,0.996,0.004858777858316898
200,0.7284251584592881,0.996,0.004890016280114651
201,0.728780487804878,0.996,0.004964906722307205
202,0.728648121034651,0.9953333333333333,0.004984409548342228
203,0.72900390625,0.9953333333333333,0.004995596595108509
204,0.7293600390815828,0.9953333333333333,0.00500794081017375
205,0.7297165200391007,0.9953333333333333,0.005026374477893114
206,0.7300733496332519,0.9953333333333333,0.005042410921305418
207,0.7304305283757339,0.9953333333333333,0.005259999539703131
208,0.7307880567792462,0.9953333333333333,0.005264401435852051
209,0.7311459353574926,0.9953333333333333,0.0053023528307676315
210,0.7315041646251838,0.9953333333333333,0.00531111191958189
211,0.7318627450980392,0.9953333333333333,0.005317040253430605
212,0.7322216772927905,0.9953333333333333,0.005510374438017607
213,0.7325809617271836,0.9953333333333333,0.005540492944419384
214,0.7329405989199803,0.9953333333333333,0.005566177889704704
215,0.7333005893909627,0.9953333333333333,0.00558035122230649
216,0.7336609336609337,0.9953333333333333,0.005613559391349554
217,0.7340216322517208,0.9953333333333333,0.005614075809717178
218,0.734382685686178,0.9953333333333333,0.005791453644633293
219,0.734744094488189,0.9953333333333333,0.005894520785659552
220,0.7351058591826687,0.9953333333333333,0.005909733008593321
221,0.7354679802955665,0.9953333333333333,0.005948367528617382
222,0.735830458353869,0.9953333333333333,0.006001427303999662
223,0.7357001972386588,0.9946666666666667,0.006052485667169094
224,0.7360631475086334,0.9946666666666667,0.006073784548789263
225,0.7359328726554788,0.994,0.00609220378100872
226,0.7358024691358025,0.9933333333333333,0.00618140259757638
227,0.7361660079051383,0.9933333333333333,0.006272618193179369
228,0.7365299060800791,0.9933333333333333,0.006310333032160997
229,0.7368941641938674,0.9933333333333333,0.006482051219791174
230,0.7372587827808016,0.9933333333333333,0.00661986880004406
231,0.7376237623762376,0.9933333333333333,0.006628271657973528
232,0.7379891035165924,0.9933333333333333,0.006717941258102655
233,0.7383548067393458,0.9933333333333333,0.006739381700754166
234,0.7387208725830441,0.9933333333333333,0.00677336473017931
235,0.7390873015873016,0.9933333333333333,0.006828257814049721
236,0.7389578163771712,0.9926666666666667,0.006902406457811594
237,0.7393247269116187,0.9926666666666667,0.0070894337259233
238,0.739692001987084,0.9926666666666667,0.007109832484275103
239,0.7400596421471173,0.9926666666666667,0.007133394479751587
240,0.7404276479363501,0.9926666666666667,0.00724904565140605
241,0.7407960199004975,0.9926666666666667,0.0073359375819563866
242,0.7411647585863613,0.9926666666666667,0.007345944177359343
243,0.7415338645418327,0.9926666666666667,0.007498845923691988
244,0.7419033383158944,0.9926666666666667,0.007590469904243946
245,0.7422731804586241,0.9926666666666667,0.007590613327920437
246,0.742643391521197,0.9926666666666667,0.007595531642436981
247,0.7430139720558883,0.9926666666666667,0.007681232877075672
248,0.7433849226160759,0.9926666666666667,0.007816709578037262
249,0.7437562437562437,0.9926666666666667,0.00793528277426958
250,0.744127936031984,0.9926666666666667,0.007950455881655216
251,0.7445,0.9926666666666667,0.00807259138673544
252,0.7448724362181091,0.9926666666666667,0.008210423402488232
253,0.7452452452452453,0.9926666666666667,0.008257953450083733
254,0.7451176765147721,0.992,0.00833636149764061
255,0.7454909819639278,0.992,0.008362608961760998
256,0.7458646616541353,0.992,0.008533100597560406
257,0.7462387161484454,0.992,0.008556085638701916
258,0.7461113898645259,0.9913333333333333,0.008565199561417103
259,0.7464859437751004,0.9913333333333333,0.008714762516319752
260,0.7468608739326972,0.9913333333333333,0.008851018734276295
261,0.7467336683417085,0.9906666666666667,0.00889537762850523
262,0.7471091000502765,0.9906666666666667,0.008924398571252823
263,0.7474849094567404,0.9906666666666667,0.00896749459207058
264,0.7478610971313538,0.9906666666666667,0.009035509079694748
265,0.7482376636455186,0.9906666666666667,0.009080423042178154
266,0.7486146095717884,0.9906666666666667,0.009175047278404236
267,0.748991935483871,0.9906666666666667,0.009204707108438015
268,0.7493696419566314,0.9906666666666667,0.009220105595886707
269,0.7497477295660948,0.9906666666666667,0.009297482669353485
270,0.7501261988894498,0.9906666666666667,0.009339839220046997
271,0.7505050505050505,0.9906666666666667,0.009370038285851479
272,0.7508842849924204,0.9906666666666667,0.009411424398422241
273,0.7507583417593529,0.99,0.009487004019320011
274,0.7511380880121397,0.99,0.009556095115840435
275,0.7515182186234818,0.99,0.009584732353687286
276,0.7518987341772152,0.99,0.009590700268745422
277,0.7522796352583586,0.99,0.009778250940144062
278,0.7526609224531171,0.99,0.009878923185169697
279,0.7530425963488844,0.99,0.009999999776482582
280,0.7549567869852567,0.99,0.010020635090768337
281,0.7553407934893184,0.99,0.010122162289917469
282,0.7557251908396947,0.99,0.010177336633205414
283,0.7561099796334012,0.99,0.010216458700597286
284,0.7564951604686704,0.99,0.010232909582555294
285,0.7568807339449541,0.99,0.010236216709017754
286,0.7572667006629271,0.99,0.010245158337056637
287,0.7576530612244898,0.99,0.010331799276173115
288,0.7580398162327718,0.99,0.010463880375027657
289,0.7584269662921348,0.99,0.010576055385172367
290,0.7588145120081757,0.99,0.010596242733299732
291,0.75920245398773,0.99,0.010666661895811558
292,0.7595907928388747,0.99,0.010716169141232967
293,0.7599795291709315,0.99,0.01080657634884119
294,0.7603686635944701,0.99,0.011611154302954674
295,0.7607581967213115,0.99,0.011679494753479958
296,0.760635571501794,0.9893333333333333,0.01167998369783163
297,0.7610256410256411,0.9893333333333333,0.011830438859760761
298,0.7614161108260646,0.9893333333333333,0.01233480591326952
299,0.7618069815195072,0.9893333333333333,0.01255162712186575
300,0.7621982537236774,0.9893333333333333,0.012708079069852829
301,0.7620760534429599,0.9886666666666667,0.013009563088417053
302,0.7624678663239075,0.9886666666666667,0.013410471379756927
303,0.7628600823045267,0.9886666666666667,0.013537310995161533
304,0.7632527020072054,0.9886666666666667,0.013746896758675575
305,0.7636457260556128,0.9886666666666667,0.013784489594399929
306,0.7640391550747038,0.9886666666666667,0.013811768032610416
307,0.7644329896907216,0.9886666666666667,0.013911893591284752
308,0.7643115007735947,0.988,0.013980792835354805
309,0.7647058823529411,0.988,0.01461646519601345
310,0.7651006711409396,0.988,0.014768927358090878
311,0.765495867768595,0.988,0.014786680229008198
312,0.765374677002584,0.9873333333333333,0.014906363561749458
313,0.765770423991727,0.9873333333333333,0.014954992569983006
314,0.7656492498706674,0.9866666666666667,0.015035416930913925
315,0.7660455486542443,0.9866666666666667,0.015362960286438465
316,0.7664422578974625,0.9866666666666667,0.01623205654323101
317,0.7668393782383419,0.9866666666666667,0.016268720850348473
318,0.7667185069984448,0.986,0.016359876841306686
319,0.7671161825726142,0.986,0.016403216868638992
320,0.7675142708873898,0.986,0.01650291122496128
321,0.7679127725856698,0.986,0.01670265942811966
322,0.7683116883116883,0.986,0.01679624430835247
323,0.7687110187110187,0.986,0.016851184889674187
324,0.7691107644305772,0.986,0.016862288117408752
325,0.7695109261186265,0.986,0.017082178965210915
326,0.7699115044247787,0.986,0.017189642414450645
327,0.7703125,0.986,0.017210647463798523
328,0.7707139134966128,0.986,0.017935393378138542
329,0.7711157455683003,0.986,0.018096422776579857
330,0.7715179968701096,0.986,0.018757380545139313
331,0.7719206680584552,0.986,0.018801189959049225
332,0.7723237597911227,0.986,0.019122926518321037
333,0.7727272727272727,0.986,0.019175132736563683
334,0.7731312075274438,0.986,0.019999999552965164
335,0.7751572327044025,0.986,0.02035227045416832
336,0.7755637126376508,0.986,0.020930316299200058
337,0.7759706190975866,0.986,0.021510273218154907
338,0.7763779527559055,0.986,0.021907756105065346
339,0.7767857142857143,0.986,0.02211594395339489
340,0.7771939043615345,0.986,0.022384583950042725
341,0.777602523659306,0.986,0.022566651925444603
342,0.7780115728563913,0.986,0.02298378199338913
343,0.7778947368421053,0.9853333333333333,0.02300456538796425
344,0.7783043707214323,0.9853333333333333,0.023017795756459236
345,0.7787144362486829,0.9853333333333333,0.023437215015292168
346,0.7791249341064839,0.9853333333333333,0.023858826607465744
347,0.7795358649789029,0.9853333333333333,0.023953482508659363
348,0.7799472295514512,0.9853333333333333,0.024001672863960266
349,0.7803590285110876,0.9853333333333333,0.024108653888106346
350,0.780771262546223,0.9853333333333333,0.024551132693886757
351,0.781183932346723,0.9853333333333333,0.02458806335926056
352,0.7810682178741407,0.9846666666666667,0.0247150007635355
353,0.7814814814814814,0.9846666666666667,0.02510029822587967
354,0.7818951826363155,0.9846666666666667,0.025130854919552803
355,0.7823093220338984,0.9846666666666667,0.025221586227416992
356,0.7827239003709592,0.9846666666666667,0.025498041883111
357,0.7831389183457051,0.9846666666666667,0.02559584379196167
358,0.7835543766578249,0.9846666666666667,0.02575601078569889
359,0.7839702760084926,0.9846666666666667,0.025847632437944412
360,0.7843866171003717,0.9846666666666667,0.025978222489356995
361,0.7848034006376196,0.9846666666666667,0.026209916919469833
362,0.7852206273258905,0.9846666666666667,0.02622697502374649
363,0.7856382978723404,0.9846666666666667,0.02633703127503395
364,0.7860564129856307,0.9846666666666667,0.02660662867128849
365,0.7864749733759319,0.9846666666666667,0.02668377384543419
366,0.786893979754928,0.9846666666666667,0.026991061866283417
367,0.7873134328358209,0.9846666666666667,0.027480801567435265
368,0.7877333333333333,0.9846666666666667,0.027549318969249725
369,0.7881536819637139,0.9846666666666667,0.027598408982157707
370,0.788574479444741,0.9846666666666667,0.02794596739113331
371,0.7889957264957265,0.9846666666666667,0.028185008093714714
372,0.78941742383752,0.9846666666666667,0.02838117443025112
373,0.7898395721925133,0.9846666666666667,0.028421565890312195
374,0.7902621722846442,0.9846666666666667,0.028450857847929
375,0.7906852248394004,0.9846666666666667,0.02847614884376526
376,0.7911087305838244,0.9846666666666667,0.028534328565001488
377,0.7915326902465166,0.9846666666666667,0.02858429029583931
378,0.7919571045576408,0.9846666666666667,0.02900509722530842
379,0.7923819742489271,0.9846666666666667,0.029614940285682678
380,0.7922705314009661,0.984,0.029705971479415894
381,0.7926960257787325,0.984,0.02973312698304653
382,0.7931219774314885,0.984,0.029737191274762154
383,0.7935483870967742,0.984,0.029999999329447746
384,0.7952586206896551,0.984,0.030051665380597115
385,0.7956873315363882,0.984,0.030373232439160347
386,0.7961165048543689,0.984,0.030454907566308975
387,0.7965461413923367,0.984,0.030614808201789856
388,0.796976241900648,0.984,0.03102530539035797
389,0.7974068071312804,0.984,0.031121207401156425
390,0.7978378378378378,0.984,0.031173313036561012
391,0.7982693347755544,0.984,0.03136851638555527
392,0.7987012987012987,0.984,0.03137581795454025
393,0.7991337303735788,0.984,0.031586915254592896
394,0.7990249187432286,0.9833333333333333,0.03176078572869301
395,0.7994579945799458,0.9833333333333333,0.031828783452510834
396,0.7998915401301518,0.9833333333333333,0.031913965940475464
397,0.7997829625610418,0.9826666666666667,0.03200524300336838
398,0.8002171552660152,0.9826666666666667,0.0321439765393734
399,0.8006518196632265,0.9826666666666667,0.033009227365255356
400,0.8010869565217391,0.9826666666666667,0.033478714525699615
401,0.8015225666122893,0.9826666666666667,0.03360302001237869
402,0.8019586507072906,0.9826666666666667,0.033635325729846954
403,0.8023952095808383,0.9826666666666667,0.03385915607213974
404,0.8028322440087146,0.9826666666666667,0.03389768674969673
405,0.802724795640327,0.982,0.03422432392835617
406,0.8031624863685932,0.982,0.035025060176849365
407,0.8036006546644845,0.982,0.03564858436584473
408,0.8034934497816594,0.9813333333333333,0.035791050642728806
409,0.803386127799017,0.9806666666666667,0.036039818078279495
410,0.8038251366120218,0.9806666666666667,0.0365249402821064
411,0.8037178786221979,0.98,0.03765421733260155
412,0.8036105032822757,0.9793333333333333,0.03786352276802063
413,0.8040503557744937,0.9793333333333333,0.03787972778081894
414,0.8044906900328587,0.9793333333333333,0.03798208385705948
415,0.8043835616438356,0.9786666666666667,0.03800802677869797
416,0.8048245614035088,0.9786666666666667,0.038098614662885666
417,0.8052660449808009,0.9786666666666667,0.0381016880273819
418,0.8057080131723381,0.9786666666666667,0.038728706538677216
419,0.8056013179571664,0.978,0.039251070469617844
420,0.8060439560439561,0.978,0.03935198113322258
421,0.8064870808136338,0.978,0.03999999910593033
422,0.8087100330760749,0.978,0.04006841778755188
423,0.8086045228902372,0.9773333333333334,0.040069445967674255
424,0.8084988962472406,0.9766666666666667,0.04031694680452347
425,0.8089453340695748,0.9766666666666667,0.040476612746715546
426,0.8088397790055248,0.976,0.04049357399344444
427,0.8092868988391376,0.976,0.040823232382535934
428,0.8097345132743363,0.976,0.04101918637752533
429,0.8101826231322634,0.976,0.04168654605746269
430,0.8106312292358804,0.976,0.04176792502403259
431,0.8110803324099723,0.976,0.04222533106803894
432,0.8109756097560976,0.9753333333333334,0.04294539988040924
433,0.8114254021075984,0.9753333333333334,0.04308305308222771
434,0.8118756936736959,0.9753333333333334,0.04336170479655266
435,0.8123264852859522,0.9753333333333334,0.04352119192481041
436,0.8127777777777778,0.9753333333333334,0.04387388378381729
437,0.8132295719844358,0.9753333333333334,0.04438818618655205
438,0.8136818687430478,0.9753333333333334,0.04451873153448105
439,0.8141346688925988,0.9753333333333334,0.044573668390512466
440,0.8145879732739421,0.9753333333333334,0.0449276939034462
441,0.815041782729805,0.9753333333333334,0.045536648482084274
442,0.8154960981047937,0.9753333333333334,0.0456269346177578
443,0.8153931957612939,0.9746666666666667,0.04567481949925423
444,0.8158482142857143,0.9746666666666667,0.045764144510030746
445,0.8163037409268565,0.9746666666666667,0.04592050239443779
446,0.8167597765363128,0.9746666666666667,0.046402327716350555
447,0.8172163219675797,0.9746666666666667,0.04854011535644531
448,0.8176733780760627,0.9746666666666667,0.048874277621507645
449,0.8181309457190823,0.9746666666666667,0.049674492329359055
450,0.8185890257558791,0.9746666666666667,0.05000000074505806
451,0.8199663488502524,0.9746666666666667,0.05056902766227722
452,0.8204264870931538,0.9746666666666667,0.05060451850295067
453,0.8208871420550252,0.9746666666666667,0.05072525888681412
454,0.8207865168539326,0.974,0.0510893352329731
455,0.821247892074199,0.974,0.05201062560081482
456,0.8211473565804275,0.9733333333333334,0.05234963446855545
457,0.8210467079347215,0.9726666666666667,0.05243522301316261
458,0.821509009009009,0.9726666666666667,0.052664101123809814
459,0.8219718309859155,0.9726666666666667,0.05293752998113632
460,0.822435174746336,0.9726666666666667,0.053109150379896164
461,0.8228990411731528,0.9726666666666667,0.05329197645187378
462,0.8233634311512416,0.9726666666666667,0.05392839014530182
463,0.823828345567476,0.9726666666666667,0.05401324853301048
464,0.8242937853107345,0.9726666666666667,0.055612191557884216
465,0.824759751271905,0.9726666666666667,0.05566851422190666
466,0.8252262443438914,0.9726666666666667,0.055824875831604004
467,0.8256932654216186,0.9726666666666667,0.05598040297627449
468,0.8261608154020385,0.9726666666666667,0.05611975118517876
469,0.826628895184136,0.9726666666666667,0.056301701813936234
470,0.8270975056689343,0.9726666666666667,0.056505780667066574
471,0.8275666477595008,0.9726666666666667,0.05752372369170189
472,0.8280363223609535,0.9726666666666667,0.05784410983324051
473,0.8285065303804656,0.9726666666666667,0.05809039622545242
474,0.8289772727272727,0.9726666666666667,0.058410510420799255
475,0.8288800454803866,0.972,0.05844080075621605
476,0.8293515358361775,0.972,0.05845680460333824
477,0.829823562891292,0.972,0.058947645127773285
478,0.8297266514806378,0.9713333333333334,0.05904289335012436
479,0.8301994301994302,0.9713333333333334,0.05935145914554596
480,0.830672748004561,0.9713333333333334,0.05970573425292969
481,0.8305761551625784,0.9706666666666667,0.059783414006233215
482,0.8310502283105022,0.9706666666666667,0.05999999865889549
483,0.8329519450800915,0.9706666666666667,0.060123175382614136
484,0.8328563251287923,0.97,0.060601089149713516
485,0.8333333333333334,0.97,0.06092599779367447
486,0.8332378223495702,0.9693333333333334,0.06104972958564758
487,0.8337155963302753,0.9693333333333334,0.061135098338127136
488,0.8341939185312679,0.9693333333333334,0.06225266307592392
489,0.8346727898966705,0.9693333333333334,0.06344914436340332
490,0.8351522113727743,0.9693333333333334,0.0635266900062561
491,0.835632183908046,0.9693333333333334,0.06407926976680756
492,0.8355376653248994,0.9686666666666667,0.06508275866508484
493,0.8354430379746836,0.968,0.06512220203876495
494,0.8359240069084629,0.968,0.06515148282051086
495,0.836405529953917,0.968,0.06518281251192093
496,0.8363112391930836,0.9673333333333334,0.06571020185947418
497,0.8367935409457901,0.9673333333333334,0.06594984978437424
498,0.8372763993075591,0.9673333333333334,0.06818472594022751
499,0.8377598152424942,0.9673333333333334,0.06828158348798752
500,0.8382437897169266,0.9673333333333334,0.06858310848474503
501,0.838728323699422,0.9673333333333334,0.06978075951337814
502,0.838635049161365,0.9666666666666667,0.07000000029802322
503,0.8391203703703703,0.9666666666666667,0.07080233842134476
504,0.8396062536189924,0.9666666666666667,0.07134752720594406
505,0.839513325608343,0.966,0.07184875756502151
506,0.8394202898550724,0.9653333333333334,0.07249530404806137
507,0.839907192575406,0.9653333333333334,0.07326431572437286
508,0.8403946604759142,0.9653333333333334,0.07399298995733261
509,0.8408826945412311,0.9653333333333334,0.07535040378570557
510,0.8413712957582801,0.9653333333333334,0.07551804929971695
511,0.8418604651162791,0.9653333333333334,0.07553136348724365
512,0.8423502036067481,0.9653333333333334,0.07601314783096313
513,0.8428405122235157,0.9653333333333334,0.07656358927488327
514,0.842748980780431,0.9646666666666667,0.0766569972038269
515,0.8432400932400932,0.9646666666666667,0.07777591049671173
516,0.8437317784256559,0.9646666666666667,0.07777614146471024
517,0.8442240373395566,0.9646666666666667,0.07883439213037491
518,0.8447168709865732,0.9646666666666667,0.07999999821186066
519,0.8452102803738317,0.9646666666666667,0.08126815408468246
520,0.8451198129748685,0.964,0.08156934380531311
521,0.8450292397660819,0.9633333333333334,0.08166615664958954
522,0.8455236980690463,0.9633333333333334,0.0817861407995224
523,0.8454332552693209,0.9626666666666667,0.08253993839025497
524,0.8459285295840656,0.9626666666666667,0.0836196318268776
525,0.8464243845252052,0.9626666666666667,0.083824522793293
526,0.8463343108504399,0.962,0.08439328521490097
527,0.846244131455399,0.9613333333333334,0.08475837111473083
528,0.8461538461538461,0.9606666666666667,0.08496341109275818
529,0.8466509988249119,0.9606666666666667,0.08524350076913834
530,0.847148736037625,0.9606666666666667,0.08740414679050446
531,0.8470588235294118,0.96,0.08895891904830933
532,0.8475573866980577,0.96,0.0891285091638565
533,0.8474676089517079,0.9593333333333334,0.08968232572078705
534,0.8479670005892752,0.9593333333333334,0.08971275389194489
535,0.8484669811320755,0.9593333333333334,0.08977808058261871
536,0.8489675516224189,0.9593333333333334,0.09000000357627869
537,0.8494687131050768,0.9593333333333334,0.09053120017051697
538,0.8493797991730656,0.9586666666666667,0.09076326340436935
539,0.849290780141844,0.958,0.09240566194057465
540,0.8497930218805441,0.958,0.09305550903081894
541,0.8502958579881656,0.958,0.09370488673448563
542,0.8507992895204263,0.958,0.09383431077003479
543,0.8507109004739336,0.9573333333333334,0.09474887698888779
544,0.8506224066390041,0.9566666666666667,0.0954337939620018
545,0.8511269276393831,0.9566666666666667,0.0959293469786644
546,0.8516320474777448,0.9566666666666667,0.09663040190935135
547,0.8521377672209026,0.9566666666666667,0.09707614779472351
548,0.8526440879382056,0.9566666666666667,0.0973099023103714
549,0.8531510107015458,0.9566666666666667,0.09740495681762695
550,0.8536585365853658,0.9566666666666667,0.0983688086271286
551,0.8541666666666666,0.9566666666666667,0.09853611141443253
552,0.8546754020250149,0.9566666666666667,0.09894625097513199
553,0.8551847437425506,0.9566666666666667,0.10000000149011612
554,0.8572281959378734,0.9566666666666667,0.10071450471878052
555,0.8577405857740585,0.9566666666666667,0.10142713785171509
556,0.8582535885167464,0.9566666666666667,0.10149769484996796
557,0.8587672052663076,0.9566666666666667,0.10455075651407242
558,0.8592814371257484,0.9566666666666667,0.10485684126615524
559,0.859796285200719,0.9566666666666667,0.10632738471031189
560,0.8603117505995204,0.9566666666666667,0.10833911597728729
561,0.8602279544091181,0.956,0.10869776457548141
562,0.8601440576230492,0.9553333333333334,0.10873188078403473
563,0.8606606606606607,0.9553333333333334,0.10893037170171738
564,0.8611778846153846,0.9553333333333334,0.10906767845153809
565,0.8610944076969332,0.9546666666666667,0.10999999940395355
566,0.8621312462372065,0.9546666666666667,0.11062067002058029
567,0.8626506024096385,0.9546666666666667,0.1111665591597557
568,0.8631705846895721,0.9546666666666667,0.1121211051940918
569,0.8636911942098915,0.9546666666666667,0.11454463750123978
570,0.8636089318044659,0.954,0.11465293914079666
571,0.8635265700483091,0.9533333333333334,0.11471803486347198
572,0.8640483383685801,0.9533333333333334,0.11528396606445312
573,0.8645707376058042,0.9533333333333334,0.11723965406417847
574,0.8644888082274652,0.9526666666666667,0.11741772294044495
575,0.864406779661017,0.952,0.1177048310637474
576,0.8649303452453059,0.952,0.11999999731779099
577,0.865979381443299,0.952,0.1214175820350647
578,0.866504854368932,0.952,0.12152491509914398
579,0.8664238008500303,0.9513333333333334,0.12255435436964035
580,0.8663426488456865,0.9506666666666667,0.12473509460687637
581,0.8662613981762918,0.95,0.12497858703136444
582,0.8667883211678832,0.95,0.125466987490654
583,0.8673158855751674,0.95,0.1257409006357193
584,0.8672350791717418,0.9493333333333334,0.12866447865962982
585,0.8671541742839732,0.9486666666666667,0.12872923910617828
586,0.8670731707317073,0.948,0.128875732421875
587,0.8676021964612569,0.948,0.13069020211696625
588,0.8675213675213675,0.9473333333333334,0.13370585441589355
589,0.8680513133781307,0.9473333333333334,0.13487093150615692
590,0.8679706601466992,0.9466666666666667,0.13654623925685883
591,0.8678899082568807,0.946,0.13806819915771484
592,0.868421052631579,0.946,0.13825079798698425
593,0.868952847519902,0.946,0.13894672691822052
594,0.8688725490196079,0.9453333333333334,0.13957875967025757
595,0.8699386503067484,0.9453333333333334,0.14000000059604645
596,0.8731527093596059,0.9453333333333334,0.14062190055847168
597,0.8730745532963647,0.9446666666666667,0.14212794601917267
598,0.8736128236744759,0.9446666666666667,0.14519637823104858
599,0.8735348550277606,0.944,0.14605596661567688
600,0.8740740740740741,0.944,0.14921866357326508
601,0.8739962940086473,0.9433333333333334,0.15000000596046448
602,0.8750773036487323,0.9433333333333334,0.15061920881271362
603,0.8756188118811881,0.9433333333333334,0.15335039794445038
604,0.8761609907120743,0.9433333333333334,0.15434488654136658
605,0.8767038413878563,0.9433333333333334,0.15552760660648346
606,0.8772473651580905,0.9433333333333334,0.15598203241825104
607,0.8777915632754343,0.9433333333333334,0.15598922967910767
608,0.877715704531347,0.9426666666666667,0.15613755583763123
609,0.8782608695652174,0.9426666666666667,0.1599999964237213
610,0.8804483188044832,0.9426666666666667,0.1633715182542801
611,0.8803738317757009,0.942,0.16352488100528717
612,0.8809226932668329,0.942,0.16533172130584717
613,0.8814722395508422,0.942,0.16607175767421722
614,0.8813982521847691,0.9413333333333334,0.1673578917980194
615,0.8813241723922548,0.9406666666666667,0.17000000178813934
616,0.881875,0.9406666666666667,0.1702343374490738
617,0.8824265165728581,0.9406666666666667,0.17090609669685364
618,0.8829787234042553,0.9406666666666667,0.171416774392128
619,0.8835316217908579,0.9406666666666667,0.173134908080101
620,0.8840852130325815,0.9406666666666667,0.17332987487316132
621,0.8846394984326019,0.9406666666666667,0.17562034726142883
622,0.8845671267252195,0.94,0.176240012049675
623,0.8851224105461394,0.94,0.17687839269638062
624,0.885678391959799,0.94,0.18000000715255737
625,0.8867924528301887,0.94,0.18119505047798157
626,0.8867212083071114,0.9393333333333334,0.18120580911636353
627,0.8866498740554156,0.9386666666666666,0.18268625438213348
628,0.8872085696282294,0.9386666666666666,0.182856947183609
629,0.8871374527112232,0.938,0.18445450067520142
630,0.8870662460567823,0.9373333333333334,0.18518789112567902
631,0.8869949494949495,0.9366666666666666,0.1857786476612091
632,0.8875552747946936,0.9366666666666666,0.1899999976158142
633,0.8881163084702908,0.9366666666666666,0.19026383757591248
634,0.8886780518659076,0.9366666666666666,0.19455814361572266
635,0.8886075949367088,0.936,0.19549159705638885
636,0.8885370487650411,0.9353333333333333,0.19645573198795319
637,0.8891001267427123,0.9353333333333333,0.1968337446451187
638,0.8890298034242232,0.9346666666666666,0.19709481298923492
639,0.8895939086294417,0.9346666666666666,0.1981736719608307
640,0.8895238095238095,0.934,0.20000000298023224
641,0.8923566878980892,0.934,0.20397968590259552
642,0.8922880815806246,0.9333333333333333,0.20506051182746887
643,0.8928571428571429,0.9333333333333333,0.20850811898708344
644,0.8927887683471601,0.9326666666666666,0.20999999344348907
645,0.8932907348242811,0.932,0.21033741533756256
646,0.8938618925831202,0.932,0.21043772995471954
647,0.8937939859245042,0.9313333333333333,0.2118159830570221
648,0.8943661971830986,0.9313333333333333,0.21282704174518585
649,0.8949391415759129,0.9313333333333333,0.21403352916240692
650,0.8955128205128206,0.9313333333333333,0.21478697657585144
651,0.895445798588839,0.9306666666666666,0.21899279952049255
652,0.8960205391527599,0.9306666666666666,0.2199999988079071
653,0.8965960179833012,0.9306666666666666,0.22009265422821045
654,0.8965295629820051,0.93,0.22254502773284912
655,0.8964630225080386,0.9293333333333333,0.22322434186935425
656,0.8963963963963963,0.9286666666666666,0.22400005161762238
657,0.8963296844816484,0.928,0.22427719831466675
658,0.8962628865979382,0.9273333333333333,0.22695592045783997
659,0.8961960025789814,0.9266666666666666,0.22778521478176117
660,0.8961290322580645,0.926,0.2279474288225174
661,0.8960619754680439,0.9253333333333333,0.23000000417232513
662,0.8978007761966365,0.9253333333333333,0.2300662398338318
663,0.8977346278317152,0.9246666666666666,0.23199814558029175
664,0.8976683937823834,0.924,0.2334585040807724
665,0.898250162022035,0.924,0.23914486169815063
666,0.8988326848249028,0.924,0.23999999463558197
667,0.900520156046814,0.9233333333333333,0.24153366684913635
668,0.900455432661028,0.9226666666666666,0.2463075965642929
669,0.900390625,0.922,0.2474905550479889
670,0.9009771986970684,0.922,0.24826949834823608
671,0.9015645371577575,0.922,0.24851150810718536
672,0.9021526418786693,0.922,0.25
673,0.9033311561071196,0.922,0.2508784234523773
674,0.9032679738562092,0.9213333333333333,0.2533004879951477
675,0.9038587311968607,0.9213333333333333,0.25690680742263794
676,0.9044502617801047,0.9213333333333333,0.256928026676178
677,0.9050425671250819,0.9213333333333333,0.2584221065044403
678,0.9056356487549148,0.9213333333333333,0.25999999046325684
679,0.9062295081967213,0.9213333333333333,0.2645108997821808
680,0.9068241469816273,0.9213333333333333,0.26555711030960083
681,0.9067629678266579,0.9206666666666666,0.26558247208595276
682,0.9067017082785808,0.92,0.2669897973537445
683,0.9072978303747534,0.92,0.2676388919353485
684,0.9072368421052631,0.9193333333333333,0.2676532566547394
685,0.9071757735352205,0.9186666666666666,0.2687394320964813
686,0.9071146245059288,0.918,0.2688627541065216
687,0.9077125906394199,0.918,0.26920509338378906
688,0.908311345646438,0.918,0.26980021595954895
689,0.9082508250825082,0.9173333333333333,0.27000001072883606
690,0.9094514210178454,0.9173333333333333,0.2700565755367279
691,0.9093915343915344,0.9166666666666666,0.2733249366283417
692,0.9099933818663137,0.9166666666666666,0.2757152020931244
693,0.9105960264900662,0.9166666666666666,0.27712777256965637
694,0.9111994698475812,0.9166666666666666,0.2792213261127472
695,0.9118037135278515,0.9166666666666666,0.27929362654685974
696,0.9124087591240876,0.9166666666666666,0.2800000011920929
697,0.9136212624584718,0.9166666666666666,0.2835533916950226
698,0.9142287234042553,0.9166666666666666,0.2860155999660492
699,0.9141716566866267,0.916,0.28999999165534973
700,0.9153897401732178,0.916,0.2919161021709442
701,0.916,0.916,0.2924867272377014
702,0.9166110740493663,0.916,0.29578879475593567
703,0.9172229639519359,0.916,0.2964630424976349
704,0.9171676686706747,0.9153333333333333,0.30000001192092896
705,0.9177807486631016,0.9153333333333333,0.3024655878543854
706,0.9183946488294314,0.9153333333333333,0.30287760496139526
707,0.9183400267737617,0.9146666666666666,0.3038984537124634
708,0.9182853315472204,0.914,0.304013192653656
709,0.9182305630026809,0.9133333333333333,0.30504104495048523
710,0.9181757209926223,0.9126666666666666,0.3072472810745239
711,0.9181208053691275,0.912,0.3092483878135681
712,0.9180658159838818,0.9113333333333333,0.3100000023841858
713,0.9186827956989247,0.9113333333333333,0.31123268604278564
714,0.9186281102891728,0.9106666666666666,0.3133544921875
715,0.9192462987886945,0.9106666666666666,0.3199999928474426
716,0.9210526315789473,0.91,0.32823309302330017
717,0.9209993247805537,0.9093333333333333,0.3373776972293854
718,0.9216216216216216,0.9093333333333333,0.3378603160381317
719,0.9215686274509803,0.9086666666666666,0.3400000035762787
720,0.922192151556157,0.9086666666666666,0.34145769476890564
721,0.9221394719025051,0.908,0.3445928394794464
722,0.9227642276422764,0.908,0.36000001430511475
723,0.9233898305084746,0.908,0.36252450942993164
724,0.9240162822252375,0.908,0.36313384771347046
725,0.9239646978954514,0.9073333333333333,0.3700000047683716
726,0.9239130434782609,0.9066666666666666,0.3771088421344757
727,0.9245411284840245,0.9066666666666666,0.3799999952316284
728,0.9244897959183673,0.906,0.38808369636535645
729,0.9251191286589516,0.906,0.38969171047210693
730,0.9257493188010899,0.906,0.38999998569488525
731,0.927012278308322,0.906,0.39749282598495483
732,0.926962457337884,0.9053333333333333,0.40058550238609314
733,0.9269125683060109,0.9046666666666666,0.40545034408569336
734,0.9268626110731374,0.904,0.4099999964237213
735,0.9281314168377823,0.904,0.41562238335609436
736,0.928082191780822,0.9033333333333333,0.4191390872001648
737,0.9280328992460589,0.9026666666666666,0.4300000071525574
738,0.9286694101508917,0.9026666666666666,0.43049776554107666
739,0.9293067947838023,0.9026666666666666,0.4399999976158142
740,0.9305364511691885,0.902,0.4486321806907654
741,0.930488644184446,0.9013333333333333,0.4527254104614258
742,0.9304407713498623,0.9006666666666666,0.46249204874038696
743,0.9303928325292902,0.9,0.5400000214576721
744,0.9316770186335404,0.9,0.5401135087013245
745,0.9316298342541437,0.8993333333333333,0.550000011920929
746,0.9322736696613684,0.8993333333333333,0.5600000023841858
747,0.9328719723183391,0.8986666666666666,0.5745790600776672
748,0.932825484764543,0.898,0.5799999833106995
749,0.9327789327789328,0.8973333333333333,0.5811672806739807
750,0.9334257975034674,0.8973333333333333,0.5899999737739563
751,0.9333333333333333,0.896,0.6000000238418579
752,0.9339819318971508,0.896,0.6005990505218506
753,0.9339360222531293,0.8953333333333333,0.6084372997283936
754,0.9338900487125957,0.8946666666666667,0.6100000143051147
755,0.9344490934449093,0.8933333333333333,0.6138637065887451
756,0.9344033496161898,0.8926666666666667,0.6139528751373291
757,0.9350558659217877,0.8926666666666667,0.6162928342819214
758,0.9357092941998603,0.8926666666666667,0.6174915432929993
759,0.9356643356643357,0.892,0.6200000047683716
760,0.9355290819901892,0.89,0.6218060851097107
761,0.9354838709677419,0.8893333333333333,0.6231383085250854
762,0.9361403508771929,0.8893333333333333,0.6261085271835327
763,0.9360955056179775,0.8886666666666667,0.6272910833358765
764,0.9367533380182712,0.8886666666666667,0.6299999952316284
765,0.9372797744890768,0.8866666666666667,0.6305344700813293
766,0.9379407616361072,0.8866666666666667,0.6326820850372314
767,0.9378969654199012,0.886,0.6347794532775879
768,0.9385593220338984,0.886,0.6358545422554016
769,0.9385159010600707,0.8853333333333333,0.6372512578964233
770,0.9384724186704385,0.8846666666666667,0.6399999856948853
771,0.9389638041163946,0.882,0.6452180743217468
772,0.9396306818181818,0.882,0.6469897627830505
773,0.9402985074626866,0.882,0.6499999761581421
774,0.940128296507484,0.8793333333333333,0.6541852951049805
775,0.9400855920114123,0.8786666666666667,0.6583890914916992
776,0.9400428265524625,0.878,0.6585246324539185
777,0.9407142857142857,0.878,0.6600000262260437
778,0.9412607449856734,0.876,0.6614973545074463
779,0.9412186379928316,0.8753333333333333,0.6644596457481384
780,0.9418938307030129,0.8753333333333333,0.6700000166893005
781,0.9417685118619699,0.8733333333333333,0.6710013151168823
782,0.9417266187050359,0.8726666666666667,0.6800000071525574
783,0.9422382671480144,0.87,0.6811169981956482
784,0.9421965317919075,0.8693333333333333,0.6852033734321594
785,0.9421547360809833,0.8686666666666667,0.6862797737121582
786,0.9421128798842258,0.868,0.6899999976158142
787,0.9418181818181818,0.8633333333333333,0.691932201385498
788,0.9417758369723436,0.8626666666666667,0.6935662627220154
789,0.9417334304442826,0.862,0.6988942623138428
790,0.9416909620991254,0.8613333333333333,0.699999988079071
791,0.9413489736070382,0.856,0.7001234292984009
792,0.9413059427732942,0.8553333333333333,0.7027264833450317
793,0.9412628487518355,0.8546666666666667,0.7066982388496399
794,0.9412196914033799,0.854,0.7099999785423279
795,0.9415247964470762,0.848,0.7135826349258423
796,0.9414814814814815,0.8473333333333334,0.7185254693031311
797,0.9414381022979985,0.8466666666666667,0.7200000286102295
798,0.9434102755026061,0.8446666666666667,0.7283041477203369
799,0.9433681073025335,0.844,0.7300000190734863
800,0.9430711610486892,0.8393333333333334,0.7334607839584351
801,0.9430284857571214,0.8386666666666667,0.7359088063240051
802,0.9429857464366092,0.838,0.7370545268058777
803,0.9436936936936937,0.838,0.7386492490768433
804,0.9444027047332832,0.838,0.7396197319030762
805,0.9443609022556391,0.8373333333333334,0.7400000095367432
806,0.9454131918119788,0.8313333333333334,0.7461172938346863
807,0.9453717754172989,0.8306666666666667,0.7468211650848389
808,0.9453302961275627,0.83,0.7473575472831726
809,0.9460486322188449,0.83,0.75
810,0.9458015267175572,0.826,0.7537217736244202
811,0.9457601222307105,0.8253333333333334,0.754300057888031
812,0.9464831804281345,0.8253333333333334,0.7551271915435791
813,0.9472073450650345,0.8253333333333334,0.7567203044891357
814,0.9479326186830015,0.8253333333333334,0.7576282620429993
815,0.9486590038314177,0.8253333333333334,0.7581000924110413
816,0.9493865030674846,0.8253333333333334,0.7587841153144836
817,0.9493476592478894,0.8246666666666667,0.7599999904632568
818,0.9496514329976762,0.8173333333333334,0.7604573369026184
819,0.9496124031007752,0.8166666666666667,0.7613319754600525
820,0.9495733126454616,0.816,0.7635906338691711
821,0.9495341614906833,0.8153333333333334,0.7647175788879395
822,0.9494949494949495,0.8146666666666667,0.7699999809265137
823,0.9500390320062451,0.8113333333333334,0.7725093364715576
824,0.95,0.8106666666666666,0.7773764133453369
825,0.9499609069585614,0.81,0.7783178687095642
826,0.9499217527386542,0.8093333333333333,0.7789379358291626
827,0.9498825371965545,0.8086666666666666,0.7799999713897705
828,0.9516256938937351,0.8,0.7815173268318176
829,0.9515873015873015,0.7993333333333333,0.7849367260932922
830,0.9523431294678316,0.7993333333333333,0.7862758040428162
831,0.9523052464228935,0.7986666666666666,0.7878883481025696
832,0.9522673031026253,0.798,0.7900000214576721
833,0.9526484751203852,0.7913333333333333,0.7923410534858704
834,0.9526104417670683,0.7906666666666666,0.7925209403038025
835,0.952572347266881,0.79,0.7926557064056396
836,0.9533386967015286,0.79,0.7936225533485413
837,0.9533011272141707,0.7893333333333333,0.7970194816589355
838,0.9532634971796938,0.7886666666666666,0.7983838319778442
839,0.9532258064516129,0.788,0.7984957098960876
840,0.9539951573849879,0.788,0.7995025515556335
841,0.9539579967689822,0.7873333333333333,0.7997591495513916
842,0.9539207760711399,0.7866666666666666,0.800000011920929
843,0.955846279640229,0.7793333333333333,0.8032116889953613
844,0.955810147299509,0.7786666666666666,0.8034644722938538
845,0.9557739557739557,0.778,0.8078241348266602
846,0.9565573770491803,0.778,0.808526873588562
847,0.9565217391304348,0.7773333333333333,0.8094650506973267
848,0.9573070607553367,0.7773333333333333,0.8100000023841858
849,0.957464553794829,0.7653333333333333,0.8104747533798218
850,0.9574290484140233,0.7646666666666667,0.8131608366966248
851,0.9573934837092731,0.764,0.8154758810997009
852,0.9573578595317725,0.7633333333333333,0.8157967329025269
853,0.9573221757322176,0.7626666666666667,0.8162398338317871
854,0.957286432160804,0.762,0.8168232440948486
855,0.9572506286672254,0.7613333333333333,0.8172813653945923
856,0.9572147651006712,0.7606666666666667,0.8199999928474426
857,0.9582978723404255,0.7506666666666667,0.8204006552696228
858,0.9582623509369677,0.75,0.8221110105514526
859,0.9582267689684569,0.7493333333333333,0.8230275511741638
860,0.9581911262798635,0.7486666666666667,0.8249468207359314
861,0.9581554227156277,0.748,0.8269495964050293
862,0.9581196581196582,0.7473333333333333,0.8273543119430542
863,0.9580838323353293,0.7466666666666667,0.8278225064277649
864,0.9580479452054794,0.746,0.828896164894104
865,0.9580119965724079,0.7453333333333333,0.8293648362159729
866,0.9579759862778731,0.7446666666666667,0.8297015428543091
867,0.9579399141630901,0.744,0.8299578428268433
868,0.9579037800687286,0.7433333333333333,0.8299999833106995
869,0.9587357330992098,0.728,0.8302410840988159
870,0.9595782073813708,0.728,0.830340564250946
871,0.9604221635883905,0.728,0.830768883228302
872,0.960387323943662,0.7273333333333334,0.8322017788887024
873,0.960352422907489,0.7266666666666667,0.8342226147651672
874,0.9603174603174603,0.726,0.8342267274856567
875,0.9602824360105914,0.7253333333333334,0.8343921899795532
876,0.9602473498233216,0.7246666666666667,0.8348708152770996
877,0.9602122015915119,0.724,0.8350314497947693
878,0.9601769911504425,0.7233333333333334,0.8369863033294678
879,0.9601417183348095,0.7226666666666667,0.8377395868301392
880,0.9601063829787234,0.722,0.838927149772644
881,0.9600709849157054,0.7213333333333334,0.8393789529800415
882,0.9609236234458259,0.7213333333333334,0.8399999737739563
883,0.9619220308250227,0.7073333333333334,0.8436526656150818
884,0.9627949183303085,0.7073333333333334,0.8446184992790222
885,0.9627611262488647,0.7066666666666667,0.8447434902191162
886,0.9627272727272728,0.706,0.8458622694015503
887,0.9626933575978162,0.7053333333333334,0.8458998799324036
888,0.9626593806921676,0.7046666666666667,0.8459435701370239
889,0.9626253418413856,0.704,0.8459466099739075
890,0.9625912408759124,0.7033333333333334,0.8459989428520203
891,0.9625570776255707,0.7026666666666667,0.8475440740585327
892,0.9625228519195612,0.702,0.8480361104011536
893,0.9624885635864593,0.7013333333333334,0.8500000238418579
894,0.9636871508379888,0.69,0.8503986597061157
895,0.9636533084808947,0.6893333333333334,0.8521947264671326
896,0.9636194029850746,0.6886666666666666,0.8531027436256409
897,0.9635854341736695,0.688,0.8533178567886353
898,0.9635514018691589,0.6873333333333334,0.8540421724319458
899,0.9635173058933583,0.6866666666666666,0.8545393943786621
900,0.9634831460674157,0.686,0.8548122048377991
901,0.9634489222118088,0.6853333333333333,0.8550131916999817
902,0.9634146341463414,0.6846666666666666,0.8553380966186523
903,0.9633802816901409,0.684,0.8562626838684082
904,0.9633458646616542,0.6833333333333333,0.8564374446868896
905,0.9642521166509878,0.6833333333333333,0.857475757598877
906,0.9651600753295668,0.6833333333333333,0.8576584458351135
907,0.9651272384542884,0.6826666666666666,0.859626293182373
908,0.9650943396226415,0.682,0.8600000143051147
909,0.9642857142857143,0.666,0.8620191216468811
910,0.9642512077294686,0.6653333333333333,0.862655520439148
911,0.9642166344294004,0.6646666666666666,0.8638591766357422
912,0.9641819941916747,0.664,0.8638689517974854
913,0.9641472868217055,0.6633333333333333,0.8640821576118469
914,0.9641125121241513,0.6626666666666666,0.864134669303894
915,0.9640776699029127,0.662,0.8641855120658875
916,0.9640427599611273,0.6613333333333333,0.866519033908844
917,0.9640077821011673,0.6606666666666666,0.8666516542434692
918,0.9639727361246349,0.66,0.8666685819625854
919,0.9639376218323586,0.6593333333333333,0.8680852651596069
920,0.9639024390243902,0.6586666666666666,0.8683527708053589
921,0.9638671875,0.658,0.8700000047683716
922,0.965,0.6433333333333333,0.8703908920288086
923,0.964964964964965,0.6426666666666667,0.8707566261291504
924,0.9649298597194389,0.642,0.87086421251297
925,0.9648946840521565,0.6413333333333333,0.8711495995521545
926,0.964859437751004,0.6406666666666667,0.8715259432792664
927,0.964824120603015,0.64,0.8718029260635376
928,0.96579476861167,0.64,0.8718712329864502
929,0.9657603222557906,0.6393333333333333,0.8724098205566406
930,0.9657258064516129,0.6386666666666667,0.8727445602416992
931,0.9656912209889001,0.638,0.8733701109886169
932,0.9656565656565657,0.6373333333333333,0.8735396862030029
933,0.9656218402426694,0.6366666666666667,0.8738741278648376
934,0.9655870445344129,0.636,0.8740196228027344
935,0.9655521783181358,0.6353333333333333,0.8748295307159424
936,0.9655172413793104,0.6346666666666667,0.8748622536659241
937,0.966497461928934,0.6346666666666667,0.8763959407806396
938,0.967479674796748,0.6346666666666667,0.876468300819397
939,0.9674465920651069,0.634,0.8767675161361694
940,0.9684317718940937,0.634,0.8779752254486084
941,0.9694189602446484,0.634,0.8782626390457153
942,0.9693877551020408,0.6333333333333333,0.8785990476608276
943,0.9693564862104188,0.6326666666666667,0.8787208795547485
944,0.9693251533742331,0.632,0.8788182139396667
945,0.9692937563971341,0.6313333333333333,0.8799999952316284
946,0.9695697796432319,0.616,0.8805748820304871
947,0.9695378151260504,0.6153333333333333,0.8806678652763367
948,0.9695057833859095,0.6146666666666667,0.8807425498962402
949,0.9694736842105263,0.614,0.8815944194793701
950,0.9694415173867229,0.6133333333333333,0.8820176720619202
951,0.9694092827004219,0.6126666666666667,0.884121835231781
952,0.9693769799366421,0.612,0.8841300010681152
953,0.9693446088794926,0.6113333333333333,0.8843268752098083
954,0.9693121693121693,0.6106666666666667,0.8845318555831909
955,0.9703389830508474,0.6106666666666667,0.8847180604934692
956,0.9703075291622482,0.61,0.8847859501838684
957,0.970276008492569,0.6093333333333333,0.8849269151687622
958,0.971307120085016,0.6093333333333333,0.8874184489250183
959,0.9712765957446808,0.6086666666666667,0.8886118531227112
960,0.9712460063897763,0.608,0.8891698718070984
961,0.9722814498933902,0.608,0.889460027217865
962,0.9722518676627535,0.6073333333333333,0.8897143006324768
963,0.9722222222222222,0.6066666666666667,0.8899999856948853
964,0.9726477024070022,0.5926666666666667,0.8902453184127808
965,0.9737130339539978,0.5926666666666667,0.8902645707130432
966,0.9736842105263158,0.592,0.8909476399421692
967,0.973655323819978,0.5913333333333334,0.8927769660949707
968,0.9736263736263736,0.5906666666666667,0.8929018974304199
969,0.9735973597359736,0.59,0.8931182622909546
970,0.973568281938326,0.5893333333333334,0.8932322859764099
971,0.9735391400220507,0.5886666666666667,0.8946295976638794
972,0.9735099337748344,0.588,0.8951175808906555
973,0.9734806629834254,0.5873333333333334,0.8951838612556458
974,0.9734513274336283,0.5866666666666667,0.8953341841697693
975,0.973421926910299,0.586,0.8962136507034302
976,0.9733924611973392,0.5853333333333334,0.8966205716133118
977,0.9733629300776915,0.5846666666666667,0.8969157338142395
978,0.9733333333333334,0.584,0.897499680519104
979,0.9733036707452726,0.5833333333333334,0.8978894948959351
980,0.9732739420935412,0.5826666666666667,0.8985164761543274
981,0.9732441471571907,0.582,0.8991380333900452
982,0.9732142857142857,0.5813333333333334,0.8994225263595581
983,0.9731843575418995,0.5806666666666667,0.8994751572608948
984,0.9731543624161074,0.58,0.8999999761581421
985,0.9722222222222222,0.56,0.9000699520111084
986,0.9721900347624566,0.5593333333333333,0.9003228545188904
987,0.9733178654292344,0.5593333333333333,0.9007364511489868
988,0.9732868757259001,0.5586666666666666,0.9010789394378662
989,0.9732558139534884,0.558,0.9014147520065308
990,0.9732246798603027,0.5573333333333333,0.9015241265296936
991,0.9731934731934732,0.5566666666666666,0.9018694758415222
992,0.9731621936989499,0.556,0.9021027088165283
993,0.9731308411214953,0.5553333333333333,0.9022135138511658
994,0.9730994152046784,0.5546666666666666,0.9023276567459106
995,0.9730679156908665,0.554,0.9024595618247986
996,0.9742086752637749,0.554,0.9034942388534546
997,0.9741784037558685,0.5533333333333333,0.9036188125610352
998,0.9741480611045829,0.5526666666666666,0.9040436148643494
999,0.9752941176470589,0.5526666666666666,0.9054827690124512
1000,0.9752650176678446,0.552,0.9057229161262512
1001,0.9752358490566038,0.5513333333333333,0.9060643315315247
1002,0.9752066115702479,0.5506666666666666,0.9063684940338135
1003,0.975177304964539,0.55,0.9064043164253235
1004,0.9751479289940829,0.5493333333333333,0.9066292643547058
1005,0.9751184834123223,0.5486666666666666,0.9066426753997803
1006,0.9762752075919335,0.5486666666666666,0.9070767760276794
1007,0.9762470308788599,0.548,0.9071571230888367
1008,0.976218787158145,0.5473333333333333,0.9074469208717346
1009,0.9761904761904762,0.5466666666666666,0.907545268535614
1010,0.9761620977353993,0.546,0.9077656865119934
1011,0.9761336515513126,0.5453333333333333,0.9080350995063782
1012,0.97610513739546,0.5446666666666666,0.9081952571868896
1013,0.9760765550239234,0.544,0.9082970023155212
1014,0.9760479041916168,0.5433333333333333,0.9083172082901001
1015,0.9760191846522782,0.5426666666666666,0.9084464311599731
1016,0.9759903961584634,0.542,0.9097608327865601
1017,0.9759615384615384,0.5413333333333333,0.9097751379013062
1018,0.9759326113116726,0.5406666666666666,0.9097882509231567
1019,0.9759036144578314,0.54,0.9100000262260437
1020,0.9773584905660377,0.518,0.9101016521453857
1021,0.9773299748110831,0.5173333333333333,0.91038978099823
1022,0.9773013871374527,0.5166666666666667,0.9111387133598328
1023,0.9772727272727273,0.516,0.91181480884552
1024,0.97724399494311,0.5153333333333333,0.9124242067337036
1025,0.9772151898734177,0.5146666666666667,0.913109302520752
1026,0.9784537389100126,0.5146666666666667,0.9138655662536621
1027,0.9784263959390863,0.514,0.914075493812561
1028,0.9783989834815756,0.5133333333333333,0.9148152470588684
1029,0.9783715012722646,0.5126666666666667,0.9152135848999023
1030,0.978343949044586,0.512,0.9152573347091675
1031,0.9783163265306123,0.5113333333333333,0.9153599739074707
1032,0.9782886334610472,0.5106666666666667,0.9160239100456238
1033,0.9782608695652174,0.51,0.916114330291748
1034,0.9782330345710627,0.5093333333333333,0.9162692427635193
1035,0.9782051282051282,0.5086666666666667,0.9162736535072327
1036,0.9781771501925546,0.508,0.9164897799491882
1037,0.9781491002570694,0.5073333333333333,0.916612446308136
1038,0.9781209781209781,0.5066666666666667,0.9168225526809692
1039,0.9780927835051546,0.506,0.9170122742652893
1040,0.9780645161290322,0.5053333333333333,0.9178896546363831
1041,0.9780361757105943,0.5046666666666667,0.9181979894638062
1042,0.9780077619663649,0.504,0.9186050891876221
1043,0.977979274611399,0.5033333333333333,0.9186163544654846
1044,0.9779507133592736,0.5026666666666667,0.9188903570175171
1045,0.977922077922078,0.502,0.9190799593925476
1046,0.9778933680104032,0.5013333333333333,0.9193053245544434
1047,0.9791666666666666,0.5013333333333333,0.9200000166893005
1048,0.9778699861687413,0.4713333333333333,0.9205435514450073
1049,0.9778393351800554,0.4706666666666667,0.9206249117851257
1050,0.9778085991678225,0.47,0.9210156798362732
1051,0.9777777777777777,0.4693333333333333,0.9211609363555908
1052,0.9777468706536857,0.4686666666666667,0.9214591979980469
1053,0.979108635097493,0.4686666666666667,0.9216686487197876
1054,0.9804741980474198,0.4686666666666667,0.9222530126571655
1055,0.9804469273743017,0.468,0.9224884510040283
1056,0.9804195804195804,0.4673333333333333,0.9230039715766907
1057,0.9803921568627451,0.4666666666666667,0.9231348633766174
1058,0.9803646563814866,0.466,0.923251748085022
1059,0.9817415730337079,0.466,0.9237392544746399
1060,0.9817158931082982,0.4653333333333333,0.9238207936286926
1061,0.9816901408450704,0.4646666666666667,0.9238653779029846
1062,0.9816643159379408,0.464,0.924019455909729
1063,0.981638418079096,0.4633333333333333,0.9241050481796265
1064,0.9816124469589816,0.46266666666666667,0.9242933392524719
1065,0.9815864022662889,0.462,0.9243735074996948
1066,0.9815602836879432,0.4613333333333333,0.9243813157081604
1067,0.9815340909090909,0.46066666666666667,0.9244245886802673
1068,0.9815078236130867,0.46,0.9248104691505432
1069,0.9814814814814815,0.4593333333333333,0.9254871606826782
1070,0.9814550641940085,0.45866666666666667,0.9254943132400513
1071,0.9814285714285714,0.458,0.9255862832069397
1072,0.9814020028612304,0.4573333333333333,0.9259925484657288
1073,0.9813753581661891,0.45666666666666667,0.9260077476501465
1074,0.9813486370157819,0.456,0.9260988235473633
1075,0.9813218390804598,0.4553333333333333,0.9263259768486023
1076,0.981294964028777,0.45466666666666666,0.9264166951179504
1077,0.9812680115273775,0.454,0.9273009300231934
1078,0.9812409812409812,0.4533333333333333,0.9273178577423096
1079,0.9812138728323699,0.45266666666666666,0.9273762702941895
1080,0.9826338639652678,0.45266666666666666,0.9274673461914062
1081,0.9826086956521739,0.452,0.9274830222129822
1082,0.9825834542815675,0.4513333333333333,0.9274888634681702
1083,0.9825581395348837,0.45066666666666666,0.9275556206703186
1084,0.982532751091703,0.45,0.9281246662139893
1085,0.9825072886297376,0.4493333333333333,0.928285539150238
1086,0.9824817518248176,0.44866666666666666,0.928313136100769
1087,0.9824561403508771,0.448,0.9284994602203369
1088,0.9824304538799414,0.44733333333333336,0.9285389184951782
1089,0.9824046920821115,0.44666666666666666,0.9285561442375183
1090,0.9823788546255506,0.446,0.9285691380500793
1091,0.9823529411764705,0.44533333333333336,0.9287217855453491
1092,0.9823269513991163,0.44466666666666665,0.929008960723877
1093,0.9823008849557522,0.444,0.9290338754653931
1094,0.982274741506647,0.44333333333333336,0.9292213320732117
1095,0.9822485207100592,0.44266666666666665,0.9292861819267273
1096,0.9837037037037037,0.44266666666666665,0.9294658899307251
1097,0.983679525222552,0.442,0.9295912384986877
1098,0.9851411589895989,0.442,0.9297757744789124
1099,0.9851190476190477,0.44133333333333336,0.9299715161323547
1100,0.9865871833084948,0.44133333333333336,0.9300000071525574
1101,0.9857369255150554,0.4146666666666667,0.9302226305007935
1102,0.9857142857142858,0.414,0.9302427172660828
1103,0.985691573926868,0.41333333333333333,0.9304709434509277
1104,0.9856687898089171,0.4126666666666667,0.9305126667022705
1105,0.9856459330143541,0.412,0.9305433034896851
1106,0.9856230031948882,0.41133333333333333,0.9306411743164062
1107,0.9856,0.4106666666666667,0.9308236837387085
1108,0.9855769230769231,0.41,0.9311039447784424
1109,0.985553772070626,0.4093333333333333,0.9317350387573242
1110,0.9855305466237942,0.4086666666666667,0.932135820388794
1111,0.9855072463768116,0.408,0.9323329329490662
1112,0.9854838709677419,0.4073333333333333,0.9324503540992737
1113,0.9854604200323102,0.4066666666666667,0.9326273202896118
1114,0.9854368932038835,0.406,0.9326788783073425
1115,0.9854132901134521,0.4053333333333333,0.9329937100410461
1116,0.9853896103896104,0.4046666666666667,0.933198094367981
1117,0.9853658536585366,0.404,0.9335310459136963
1118,0.9853420195439739,0.4033333333333333,0.9338388442993164
1119,0.9869494290375204,0.4033333333333333,0.933922529220581
1120,0.9869281045751634,0.4026666666666667,0.9340187311172485
1121,0.9869067103109657,0.402,0.934177577495575
1122,0.9868852459016394,0.4013333333333333,0.9345951080322266
1123,0.986863711001642,0.40066666666666667,0.9347026944160461
1124,0.9868421052631579,0.4,0.9347351789474487
1125,0.9868204283360791,0.3993333333333333,0.93506920337677
1126,0.9867986798679867,0.39866666666666667,0.9351205229759216
1127,0.9867768595041322,0.398,0.9351308345794678
1128,0.9867549668874173,0.3973333333333333,0.9351662993431091
1129,0.9867330016583747,0.39666666666666667,0.9353104829788208
1130,0.9867109634551495,0.396,0.9356449246406555
1131,0.9866888519134775,0.3953333333333333,0.9361615180969238
1132,0.9866666666666667,0.39466666666666667,0.9361957907676697
1133,0.986644407345576,0.394,0.9367290139198303
1134,0.9866220735785953,0.3933333333333333,0.9370609521865845
1135,0.9865996649916248,0.39266666666666666,0.9373305439949036
1136,0.9865771812080537,0.392,0.937446117401123
1137,0.9865546218487395,0.3913333333333333,0.9374772310256958
1138,0.9865319865319865,0.39066666666666666,0.9377059936523438
1139,0.9865092748735245,0.39,0.9377474784851074
1140,0.9864864864864865,0.3893333333333333,0.9377714991569519
1141,0.9864636209813875,0.38866666666666666,0.9380342960357666
1142,0.9864406779661017,0.388,0.9381322860717773
1143,0.9864176570458404,0.3873333333333333,0.9382184147834778
1144,0.9863945578231292,0.38666666666666666,0.9384434223175049
1145,0.9863713798977853,0.386,0.9386506080627441
1146,0.9863481228668942,0.38533333333333336,0.9387925267219543
1147,0.9863247863247864,0.38466666666666666,0.9397416114807129
1148,0.9863013698630136,0.384,0.9399999976158142
1149,0.9856373429084381,0.366,0.940041720867157
1150,0.9856115107913669,0.36533333333333334,0.9406142830848694
1151,0.9855855855855856,0.36466666666666664,0.9410240054130554
1152,0.9855595667870036,0.364,0.9414845108985901
1153,0.9855334538878843,0.36333333333333334,0.9415701031684875
1154,0.9855072463768116,0.3626666666666667,0.9417784214019775
1155,0.985480943738657,0.362,0.9420389533042908
1156,0.9854545454545455,0.36133333333333334,0.9422202706336975
1157,0.9854280510018215,0.3606666666666667,0.9423589706420898
1158,0.9854014598540146,0.36,0.9425641298294067
1159,0.9853747714808044,0.35933333333333334,0.9426000714302063
1160,0.9853479853479854,0.3586666666666667,0.9427124261856079
1161,0.9853211009174312,0.358,0.9427397847175598
1162,0.9852941176470589,0.35733333333333334,0.9428542256355286
1163,0.9852670349907919,0.3566666666666667,0.9430522322654724
1164,0.985239852398524,0.356,0.9430564641952515
1165,0.9852125693160814,0.35533333333333333,0.9431709051132202
1166,0.9851851851851852,0.3546666666666667,0.9433974623680115
1167,0.987012987012987,0.3546666666666667,0.9434777498245239
1168,0.9869888475836431,0.354,0.9438109993934631
1169,0.9869646182495344,0.35333333333333333,0.9442652463912964
1170,0.9869402985074627,0.3526666666666667,0.9445842504501343
1171,0.9869158878504672,0.352,0.9446061253547668
1172,0.9868913857677902,0.35133333333333333,0.94463050365448
1173,0.9868667917448405,0.3506666666666667,0.9448949098587036
1174,0.9868421052631579,0.35,0.9449409246444702
1175,0.9868173258003766,0.34933333333333333,0.9450961351394653
1176,0.9867924528301887,0.3486666666666667,0.9451175332069397
1177,0.9867674858223062,0.348,0.9454500079154968
1178,0.9867424242424242,0.3473333333333333,0.9455376863479614
1179,0.9867172675521821,0.3466666666666667,0.9455499649047852
1180,0.9866920152091255,0.346,0.9455615878105164
1181,0.9866666666666667,0.3453333333333333,0.9462579488754272
1182,0.9866412213740458,0.3446666666666667,0.946347177028656
1183,0.9866156787762906,0.344,0.9464836716651917
1184,0.9865900383141762,0.3433333333333333,0.9466213583946228
1185,0.9865642994241842,0.3426666666666667,0.9467051029205322
1186,0.9865384615384616,0.342,0.9467775225639343
1187,0.9865125240847784,0.3413333333333333,0.9467902779579163
1188,0.9864864864864865,0.3406666666666667,0.9468633532524109
1189,0.9864603481624759,0.34,0.9469283223152161
1190,0.9864341085271318,0.3393333333333333,0.9469743967056274
1191,0.9864077669902913,0.33866666666666667,0.947171151638031
1192,0.9863813229571985,0.338,0.9473564028739929
1193,0.98635477582846,0.3373333333333333,0.94741290807724
1194,0.986328125,0.33666666666666667,0.9474625587463379
1195,0.9863013698630136,0.336,0.9475250840187073
1196,0.9862745098039216,0.3353333333333333,0.9478957056999207
1197,0.9862475442043221,0.33466666666666667,0.9479867815971375
1198,0.9862204724409449,0.334,0.9481648802757263
1199,0.9861932938856016,0.3333333333333333,0.948455274105072
1200,0.9861660079051383,0.33266666666666667,0.9484924674034119
1201,0.9861386138613861,0.332,0.9486724734306335
1202,0.9861111111111112,0.3313333333333333,0.9487101435661316
1203,0.9860834990059643,0.33066666666666666,0.9487556219100952
1204,0.9860557768924303,0.33,0.9487764835357666
1205,0.9860279441117764,0.3293333333333333,0.948790967464447
1206,0.986,0.32866666666666666,0.9490998983383179
1207,0.9859719438877755,0.328,0.9491553902626038
1208,0.9859437751004017,0.3273333333333333,0.9494249224662781
1209,0.9859154929577465,0.32666666666666666,0.9494773745536804
1210,0.9858870967741935,0.326,0.9497762322425842
1211,0.9858585858585859,0.3253333333333333,0.949999988079071
1212,0.9890590809628009,0.30133333333333334,0.9504481554031372
1213,0.9890350877192983,0.3006666666666667,0.9511319398880005
1214,0.989010989010989,0.3,0.9512726068496704
1215,0.9889867841409692,0.29933333333333334,0.9514868855476379
1216,0.9889624724061811,0.2986666666666667,0.9515997767448425
1217,0.9889380530973452,0.298,0.9516700506210327
1218,0.9889135254988913,0.29733333333333334,0.9517288208007812
1219,0.9888888888888889,0.2966666666666667,0.952372670173645
1220,0.9888641425389755,0.296,0.952574610710144
1221,0.9888392857142857,0.29533333333333334,0.9527685642242432
1222,0.9888143176733781,0.2946666666666667,0.9527990818023682
1223,0.9887892376681614,0.294,0.9532628059387207
1224,0.9887640449438202,0.29333333333333333,0.9534307718276978
1225,0.9887387387387387,0.2926666666666667,0.9534421563148499
1226,0.9887133182844243,0.292,0.9537460803985596
1227,0.9886877828054299,0.29133333333333333,0.9537920951843262
1228,0.9886621315192744,0.2906666666666667,0.954165518283844
1229,0.9886363636363636,0.29,0.9543628692626953
1230,0.9886104783599089,0.28933333333333333,0.9544054269790649
1231,0.9885844748858448,0.2886666666666667,0.9545268416404724
1232,0.988558352402746,0.288,0.9546364545822144
1233,0.9885321100917431,0.28733333333333333,0.9546812176704407
1234,0.9885057471264368,0.2866666666666667,0.9549553990364075
1235,0.988479262672811,0.286,0.9550626873970032
1236,0.9884526558891455,0.2853333333333333,0.9553055763244629
1237,0.9884259259259259,0.2846666666666667,0.9554101228713989
1238,0.988399071925754,0.284,0.9554861187934875
1239,0.9883720930232558,0.2833333333333333,0.9558936357498169
1240,0.9883449883449883,0.2826666666666667,0.955946683883667
1241,0.9883177570093458,0.282,0.9562066793441772
1242,0.9882903981264637,0.2813333333333333,0.9567306637763977
1243,0.9882629107981221,0.2806666666666667,0.9568346738815308
1244,0.9882352941176471,0.28,0.9569827914237976
1245,0.9882075471698113,0.2793333333333333,0.9570629596710205
1246,0.9881796690307328,0.2786666666666667,0.9573094844818115
1247,0.9881516587677726,0.278,0.9574264883995056
1248,0.9881235154394299,0.2773333333333333,0.9576289057731628
1249,0.9880952380952381,0.27666666666666667,0.9576654434204102
1250,0.9880668257756563,0.276,0.9577275514602661
1251,0.9880382775119617,0.2753333333333333,0.9578062295913696
1252,0.988009592326139,0.27466666666666667,0.957854688167572
1253,0.9879807692307693,0.274,0.95790696144104
1254,0.9879518072289156,0.2733333333333333,0.9579666256904602
1255,0.9879227053140096,0.27266666666666667,0.958034336566925
1256,0.9878934624697336,0.272,0.9580832123756409
1257,0.9878640776699029,0.2713333333333333,0.9580948352813721
1258,0.9878345498783455,0.27066666666666667,0.9582194685935974
1259,0.9878048780487805,0.27,0.9582267999649048
1260,0.9877750611246944,0.2693333333333333,0.9585714340209961
1261,0.9877450980392157,0.26866666666666666,0.9586647748947144
1262,0.9877149877149877,0.268,0.9587149024009705
1263,0.9876847290640394,0.2673333333333333,0.9587306976318359
1264,0.9876543209876543,0.26666666666666666,0.958759069442749
1265,0.9876237623762376,0.266,0.9590665698051453
1266,0.9875930521091811,0.2653333333333333,0.959450364112854
1267,0.9875621890547264,0.26466666666666666,0.9594972133636475
1268,0.9875311720698254,0.264,0.9597223997116089
1269,0.9875,0.2633333333333333,0.9597266912460327
1270,0.9874686716791979,0.26266666666666666,0.9597653150558472
1271,0.9874371859296482,0.262,0.9598947763442993
1272,0.9874055415617129,0.2613333333333333,0.9599999785423279
1273,0.9861111111111112,0.23666666666666666,0.9601513147354126
1274,0.9860724233983287,0.236,0.9602294564247131
1275,0.9860335195530726,0.23533333333333334,0.9602432250976562
1276,0.9859943977591037,0.23466666666666666,0.9608959555625916
1277,0.9859550561797753,0.234,0.9612138271331787
1278,0.9859154929577465,0.23333333333333334,0.9612307548522949
1279,0.9858757062146892,0.23266666666666666,0.9613940119743347
1280,0.9858356940509915,0.232,0.9616185426712036
1281,0.9857954545454546,0.23133333333333334,0.962142288684845
1282,0.9857549857549858,0.23066666666666666,0.9622249603271484
1283,0.9857142857142858,0.23,0.9622604846954346
1284,0.9856733524355301,0.22933333333333333,0.9625916481018066
1285,0.985632183908046,0.22866666666666666,0.9628392457962036
1286,0.9855907780979827,0.228,0.962936520576477
1287,0.9855491329479769,0.22733333333333333,0.9629851579666138
1288,0.9855072463768116,0.22666666666666666,0.9630600214004517
1289,0.9854651162790697,0.226,0.9630736112594604
1290,0.9854227405247813,0.22533333333333333,0.9630958437919617
1291,0.9853801169590644,0.22466666666666665,0.9632328748703003
1292,0.9853372434017595,0.224,0.9633117318153381
1293,0.9852941176470589,0.22333333333333333,0.9633687734603882
1294,0.9852507374631269,0.22266666666666668,0.9634029865264893
1295,0.985207100591716,0.222,0.9634191393852234
1296,0.9851632047477745,0.22133333333333333,0.9634263515472412
1297,0.9851190476190477,0.22066666666666668,0.9635239243507385
1298,0.9850746268656716,0.22,0.963529109954834
1299,0.9850299401197605,0.21933333333333332,0.9636192321777344
1300,0.984984984984985,0.21866666666666668,0.963825523853302
1301,0.9849397590361446,0.218,0.9642382860183716
1302,0.9848942598187311,0.21733333333333332,0.9643725156784058
1303,0.9848484848484849,0.21666666666666667,0.9645039439201355
1304,0.9848024316109423,0.216,0.9645781517028809
1305,0.9847560975609756,0.21533333333333332,0.9646547436714172
1306,0.9847094801223242,0.21466666666666667,0.9646592140197754
1307,0.9846625766871165,0.214,0.9649206399917603
1308,0.9846153846153847,0.21333333333333335,0.965053379535675
1309,0.9845679012345679,0.21266666666666667,0.9650651812553406
1310,0.9845201238390093,0.212,0.965086042881012
1311,0.984472049689441,0.21133333333333335,0.9655452370643616
1312,0.9844236760124611,0.21066666666666667,0.9656238555908203
1313,0.984375,0.21,0.9656977653503418
1314,0.9843260188087775,0.20933333333333334,0.9657413363456726
1315,0.9842767295597484,0.20866666666666667,0.9660137891769409
1316,0.9842271293375394,0.208,0.9660171270370483
1317,0.9841772151898734,0.20733333333333334,0.9663256406784058
1318,0.9841269841269841,0.20666666666666667,0.966559648513794
1319,0.9840764331210191,0.206,0.9666933417320251
1320,0.9840255591054313,0.20533333333333334,0.9670394659042358
1321,0.9839743589743589,0.20466666666666666,0.9671087265014648
1322,0.9839228295819936,0.204,0.9672607183456421
1323,0.9838709677419355,0.20333333333333334,0.9673329591751099
1324,0.9838187702265372,0.20266666666666666,0.9673442244529724
1325,0.9837662337662337,0.202,0.9673900008201599
1326,0.9837133550488599,0.20133333333333334,0.9675939679145813
1327,0.9836601307189542,0.20066666666666666,0.9677457809448242
1328,0.9836065573770492,0.2,0.9677688479423523
1329,0.9868421052631579,0.2,0.9679605960845947
1330,0.9867986798679867,0.19933333333333333,0.968094527721405
1331,0.9867549668874173,0.19866666666666666,0.9681097269058228
1332,0.9867109634551495,0.198,0.9681625962257385
1333,0.9866666666666667,0.19733333333333333,0.9683499932289124
1334,0.9866220735785953,0.19666666666666666,0.9683929681777954
1335,0.9865771812080537,0.196,0.9685357213020325
1336,0.9865319865319865,0.19533333333333333,0.9686263203620911
1337,0.9864864864864865,0.19466666666666665,0.9688100814819336
1338,0.9864406779661017,0.194,0.9690306782722473
1339,0.9863945578231292,0.19333333333333333,0.9690567851066589
1340,0.9863481228668942,0.19266666666666668,0.9693174362182617
1341,0.9863013698630136,0.192,0.969398558139801
1342,0.9862542955326461,0.19133333333333333,0.9695324301719666
1343,0.9862068965517241,0.19066666666666668,0.969553530216217
1344,0.986159169550173,0.19,0.9696579575538635
1345,0.9861111111111112,0.18933333333333333,0.9697631001472473
1346,0.9860627177700348,0.18866666666666668,0.9700000286102295
1347,0.983739837398374,0.16133333333333333,0.9702469706535339
1348,0.9836734693877551,0.16066666666666668,0.970276415348053
1349,0.9836065573770492,0.16,0.9705079793930054
1350,0.9835390946502057,0.15933333333333333,0.9706403613090515
1351,0.9834710743801653,0.15866666666666668,0.9711036682128906
1352,0.983402489626556,0.158,0.9712259769439697
1353,0.9875,0.158,0.9714173078536987
1354,0.9874476987447699,0.15733333333333333,0.9714481234550476
1355,0.9873949579831933,0.15666666666666668,0.9715867638587952
1356,0.9873417721518988,0.156,0.9718682765960693
1357,0.9872881355932204,0.15533333333333332,0.9718766212463379
1358,0.9872340425531915,0.15466666666666667,0.9719139933586121
1359,0.9871794871794872,0.154,0.9722456932067871
1360,0.9871244635193133,0.15333333333333332,0.9724081158638
1361,0.9870689655172413,0.15266666666666667,0.9725281596183777
1362,0.987012987012987,0.152,0.97254478931427
1363,0.9869565217391304,0.15133333333333332,0.9726689457893372
1364,0.9868995633187773,0.15066666666666667,0.973075807094574
1365,0.9868421052631579,0.15,0.9730781316757202
1366,0.986784140969163,0.14933333333333335,0.9731584191322327
1367,0.9867256637168141,0.14866666666666667,0.973204493522644
1368,0.9866666666666667,0.148,0.9733307361602783
1369,0.9866071428571429,0.14733333333333334,0.973442792892456
1370,0.9865470852017937,0.14666666666666667,0.9735210537910461
1371,0.9864864864864865,0.146,0.9735499620437622
1372,0.9864253393665159,0.14533333333333334,0.9736928343772888
1373,0.9863636363636363,0.14466666666666667,0.9738459587097168
1374,0.9863013698630136,0.144,0.9739189147949219
1375,0.9862385321100917,0.14333333333333334,0.9740250706672668
1376,0.9861751152073732,0.14266666666666666,0.9741148948669434
1377,0.9861111111111112,0.142,0.974187970161438
1378,0.986046511627907,0.14133333333333334,0.9742743372917175
1379,0.985981308411215,0.14066666666666666,0.9743384718894958
1380,0.9859154929577465,0.14,0.9744811058044434
1381,0.9858490566037735,0.13933333333333334,0.9745528697967529
1382,0.985781990521327,0.13866666666666666,0.9746531844139099
1383,0.9857142857142858,0.138,0.9747797846794128
1384,0.9856459330143541,0.13733333333333334,0.9747933149337769
1385,0.9855769230769231,0.13666666666666666,0.9749367237091064
1386,0.9855072463768116,0.136,0.9749751091003418
1387,0.9854368932038835,0.13533333333333333,0.9749945998191833
1388,0.9853658536585366,0.13466666666666666,0.9752727746963501
1389,0.9852941176470589,0.134,0.9754195213317871
1390,0.9852216748768473,0.13333333333333333,0.9754905700683594
1391,0.9851485148514851,0.13266666666666665,0.9755216240882874
1392,0.9850746268656716,0.132,0.9755771160125732
1393,0.985,0.13133333333333333,0.9758130311965942
1394,0.9849246231155779,0.13066666666666665,0.9758283495903015
1395,0.9848484848484849,0.13,0.9760554432868958
1396,0.9847715736040609,0.12933333333333333,0.976738452911377
1397,0.9846938775510204,0.12866666666666668,0.9768755435943604
1398,0.9846153846153847,0.128,0.9769273996353149
1399,0.9845360824742269,0.12733333333333333,0.9771295189857483
1400,0.9844559585492227,0.12666666666666668,0.9773740768432617
1401,0.984375,0.126,0.9773829579353333
1402,0.9842931937172775,0.12533333333333332,0.977418839931488
1403,0.9842105263157894,0.12466666666666666,0.9776351451873779
1404,0.9841269841269841,0.124,0.9777440428733826
1405,0.9840425531914894,0.12333333333333334,0.9778872132301331
1406,0.983957219251337,0.12266666666666666,0.977946400642395
1407,0.9838709677419355,0.122,0.9779947400093079
1408,0.9837837837837838,0.12133333333333333,0.9780344367027283
1409,0.9836956521739131,0.12066666666666667,0.9781522154808044
1410,0.9836065573770492,0.12,0.9783698916435242
1411,0.9835164835164835,0.11933333333333333,0.978480339050293
1412,0.9834254143646409,0.11866666666666667,0.9789806604385376
1413,0.9833333333333333,0.118,0.9791279435157776
1414,0.9832402234636871,0.11733333333333333,0.9791548848152161
1415,0.9831460674157303,0.11666666666666667,0.9793689250946045
1416,0.9830508474576272,0.116,0.9794213771820068
1417,0.9829545454545454,0.11533333333333333,0.979473888874054
1418,0.9828571428571429,0.11466666666666667,0.9795127511024475
1419,0.9827586206896551,0.114,0.979567289352417
1420,0.9826589595375722,0.11333333333333333,0.9795835614204407
1421,0.9825581395348837,0.11266666666666666,0.9796793460845947
1422,0.9824561403508771,0.112,0.9797816276550293
1423,0.9823529411764705,0.11133333333333334,0.979800820350647
1424,0.9822485207100592,0.11066666666666666,0.9799975156784058
1425,0.9821428571428571,0.11,0.9800000190734863
1426,0.9767441860465116,0.084,0.9801611304283142
1427,0.9765625,0.08333333333333333,0.980305552482605
1428,0.9763779527559056,0.08266666666666667,0.9804095029830933
1429,0.9761904761904762,0.082,0.9804727435112
1430,0.976,0.08133333333333333,0.9805676341056824
1431,0.9758064516129032,0.08066666666666666,0.9806345701217651
1432,0.975609756097561,0.08,0.9807804226875305
1433,0.9754098360655737,0.07933333333333334,0.9809096455574036
1434,0.9752066115702479,0.07866666666666666,0.9809162020683289
1435,0.975,0.078,0.9809564352035522
1436,0.9747899159663865,0.07733333333333334,0.9810428619384766
1437,0.9745762711864406,0.07666666666666666,0.9810478091239929
1438,0.9743589743589743,0.076,0.9810523986816406
1439,0.9741379310344828,0.07533333333333334,0.9810996651649475
1440,0.9739130434782609,0.07466666666666667,0.9812584519386292
1441,0.9736842105263158,0.074,0.9813326597213745
1442,0.9734513274336283,0.07333333333333333,0.981393575668335
1443,0.9732142857142857,0.07266666666666667,0.9814409017562866
1444,0.972972972972973,0.072,0.981697142124176
1445,0.9818181818181818,0.072,0.9821580648422241
1446,0.981651376146789,0.07133333333333333,0.9822176098823547
1447,0.9814814814814815,0.07066666666666667,0.9823346138000488
1448,0.9813084112149533,0.07,0.9829316735267639
1449,0.9811320754716981,0.06933333333333333,0.9829974174499512
1450,0.9809523809523809,0.06866666666666667,0.9832077026367188
1451,0.9807692307692307,0.068,0.9833680987358093
1452,0.9805825242718447,0.06733333333333333,0.9834485650062561
1453,0.9803921568627451,0.06666666666666667,0.9834790229797363
1454,0.9801980198019802,0.066,0.9835423231124878
1455,0.98,0.06533333333333333,0.9837348461151123
1456,0.9797979797979798,0.06466666666666666,0.9839390516281128
1457,0.9795918367346939,0.064,0.984043300151825
1458,0.979381443298969,0.06333333333333334,0.9841902852058411
1459,0.9791666666666666,0.06266666666666666,0.9843214750289917
1460,0.9789473684210527,0.062,0.9843965172767639
1461,0.9787234042553191,0.06133333333333333,0.9846365451812744
1462,0.978494623655914,0.06066666666666667,0.9847806692123413
1463,0.9782608695652174,0.06,0.9848029017448425
1464,0.978021978021978,0.059333333333333335,0.9848796725273132
1465,0.9777777777777777,0.058666666666666666,0.9850521087646484
1466,0.9775280898876404,0.058,0.9850762486457825
1467,0.9772727272727273,0.05733333333333333,0.9851720333099365
1468,0.9770114942528736,0.056666666666666664,0.9852415919303894
1469,0.9767441860465116,0.056,0.9852958917617798
1470,0.9764705882352941,0.05533333333333333,0.9852970242500305
1471,0.9761904761904762,0.05466666666666667,0.9854521155357361
1472,0.9759036144578314,0.054,0.9855506420135498
1473,0.975609756097561,0.05333333333333334,0.9859543442726135
1474,0.9753086419753086,0.05266666666666667,0.985991895198822
1475,0.975,0.052,0.9861473441123962
1476,0.9873417721518988,0.052,0.9862332344055176
1477,0.9871794871794872,0.051333333333333335,0.9867768883705139
1478,0.987012987012987,0.050666666666666665,0.9868082404136658
1479,0.9868421052631579,0.05,0.9872230291366577
1480,0.9866666666666667,0.04933333333333333,0.9872309565544128
1481,0.9864864864864865,0.048666666666666664,0.9874550104141235
1482,0.9863013698630136,0.048,0.9881212711334229
1483,0.9861111111111112,0.04733333333333333,0.9884042739868164
1484,0.9859154929577465,0.04666666666666667,0.9886415600776672
1485,0.9857142857142858,0.046,0.9895650148391724
1486,0.9855072463768116,0.04533333333333334,0.989717960357666
1487,1.0,0.04533333333333334,0.9898908138275146
1488,1.0,0.04466666666666667,0.9900000095367432
1489,1.0,0.025333333333333333,0.9900597333908081
1490,1.0,0.024666666666666667,0.9903908967971802
1491,1.0,0.024,0.9907083511352539
1492,1.0,0.023333333333333334,0.9909020066261292
1493,1.0,0.02266666666666667,0.9909413456916809
1494,1.0,0.022,0.9914852976799011
1495,1.0,0.021333333333333333,0.9919829964637756
1496,1.0,0.020666666666666667,0.9921211004257202
1497,1.0,0.02,0.9922463893890381
1498,1.0,0.019333333333333334,0.9925490617752075
1499,1.0,0.018666666666666668,0.9927803874015808
1500,1.0,0.018,0.9929613471031189
1501,1.0,0.017333333333333333,0.9937096834182739
1502,1.0,0.016666666666666666,0.9943558573722839
1503,1.0,0.016,0.9949771761894226
1504,1.0,0.015333333333333332,0.995524525642395
1505,1.0,0.014666666666666666,0.9961404204368591
1506,1.0,0.014,0.9962371587753296
1507,1.0,0.013333333333333334,0.9972795844078064
1508,1.0,0.012666666666666666,0.9973184466362
1509,1.0,0.012,0.9982092380523682
1510,1.0,0.011333333333333334,1.0
1511,1.0,0.0,1.0
