,Seqname,0,1,2,3,4
0,ath-miR5020a,0.0,0.0,0.0,0.0,0.0
1,ath-miR403-5p,0.0,0.0,0.0,0.0,0.0
2,mtr-miR5280,0.0,5.275022,1.9,149.2113,1.466666
3,mtr-miR2086-3p,8.333333,4.239586,-0.5,705.7774,2.223945
4,gma-miR395a,0.0,0.0,0.0,0.0,0.0
5,gma-miR169e,0.3,7.999833,-0.2,509.6438,1.81095
6,ath-miR164c-5p,0.0,0.0,0.0,0.0,0.0
7,ath-miR824-5p,0.0,0.0,0.0,0.0,0.0
8,mtr-miR5562-3p,158.133333,11.999968,-1.283333,889.0794,1.875583
9,mtr-miR2604,117.35,4.050028,0.0,567.6781,2.149731
10,gma-miR164b,0.0,0.0,0.0,0.0,0.0
11,gma-miR5044,63.82,9.500077,-1.24,556.6787,1.775226
12,ath-miR834,0.0,0.0,0.0,0.0,0.0
13,ath-miR865-5p,71.342857,4.084587,0.5,846.9881,2.318819
14,mtr-miR2586a,0.0,0.0,0.0,0.0,0.0
15,mtr-miR2592bl-5p,0.0,0.0,0.0,0.0,0.0
16,gma-miR2118a-3p,0.0,0.0,0.0,0.0,0.0
17,gma-miR9729,246.96,9.500077,-0.48,619.7345,1.821085
18,ath-miR8177,67.44,6.487682,1.38,633.8471,1.994318
19,ath-miR8170-3p,0.0,5.275022,1.9,149.2113,1.466666
20,mtr-miR5281a,0.0,0.0,0.0,0.0,0.0
21,mtr-miR2629h,0.0,0.0,0.0,0.0,0.0
22,gma-miR5368,0.0,0.0,0.0,0.0,0.0
23,ath-miR823,0.0,0.0,0.0,0.0,0.0
24,ath-miR780.2,0.0,0.0,0.0,0.0,0.0
25,mtr-miR5254,0.0,0.0,0.0,0.0,0.0
26,mtr-miR319c-5p,0.0,0.0,0.0,0.0,0.0
27,gma-miR169l-3p,0.0,0.0,0.0,0.0,0.0
28,ath-miR158b,0.0,5.275022,1.9,149.2113,1.466666
29,ath-miR10515,46.52,5.275022,2.74,575.7614,2.041979
30,mtr-miR2673a,0.0,0.0,0.0,0.0,0.0
31,mtr-miR398a-3p,0.0,0.0,0.0,0.0,0.0
32,gma-miR9740,0.0,0.0,0.0,0.0,0.0
33,gma-miR4380b,-25.028571,5.840116,1.614286,845.0616,2.163458
34,ath-miR399c-5p,0.0,0.0,0.0,0.0,0.0
35,ath-miR864-5p,-37.14,5.587523,0.36,652.8024,2.071264
36,mtr-miR2654,0.0,0.0,0.0,0.0,0.0
37,mtr-miR2592bm-5p,7.5,5.275022,2.825,556.7165,2.027505
38,gma-miR5043,0.0,0.0,0.0,0.0,0.0
39,gma-miR1514a-5p,0.0,0.0,0.0,0.0,0.0
40,ath-miR851-5p,0.0,0.0,0.0,0.0,0.0
41,ath-miR866-5p,0.0,0.0,0.0,0.0,0.0
42,mtr-miR5251,0.0,0.0,0.0,0.0,0.0
43,gma-miR156z,0.0,0.0,0.0,0.0,0.0
44,gma-miR10413a,0.0,0.0,0.0,0.0,0.0
45,ath-miR8181,0.0,0.0,0.0,0.0,0.0
46,ath-miR5645c,-9.4,5.275022,0.6,250.3152,1.68532
47,mtr-miR169j,0.3,7.999833,-0.2,509.6438,1.81095
48,mtr-miR2640,0.0,0.0,0.0,0.0,0.0
49,gma-miR398b-5p,0.0,0.0,0.0,0.0,0.0
50,gma-miR10420,0.0,0.0,0.0,0.0,0.0
51,ath-miR402,0.0,0.0,0.0,0.0,0.0
52,ath-miR1887,0.0,0.0,0.0,0.0,0.0
53,mtr-miR2086-5p,224.7,5.275022,0.55,236.2886,1.660807
54,gma-miR159b-5p,0.0,0.0,0.0,0.0,0.0
55,gma-miR172k,0.3,6.491377,1.1,530.7042,1.917796
56,ath-miR840-3p,0.0,0.0,0.0,0.0,0.0
57,mtr-miR166d,0.0,0.0,0.0,0.0,0.0
58,mtr-miR2675,0.0,0.0,0.0,0.0,0.0
59,gma-miR159c,0.0,0.0,0.0,0.0,0.0
60,gma-miR10436,0.0,0.0,0.0,0.0,0.0
61,ath-miR5660,5.0,4.596478,-0.8,278.3253,1.789241
62,mtr-miR2592br-5p,0.0,0.0,0.0,0.0,0.0
63,gma-miR167g,5.0,5.275022,3.2,262.3689,1.705333
64,gma-miR394b-3p,0.0,0.0,0.0,0.0,0.0
65,ath-miR831-3p,0.0,0.0,0.0,0.0,0.0
66,ath-miR830-3p,0.0,0.0,0.0,0.0,0.0
67,mtr-miR169d-3p,0.0,0.0,0.0,0.0,0.0
68,mtr-miR2626,0.0,0.0,0.0,0.0,0.0
69,gma-miR4387c,-9.4,5.275022,0.6,250.3152,1.68532
70,gma-miR9735,0.0,0.0,0.0,0.0,0.0
71,ath-miR858b,0.0,0.0,0.0,0.0,0.0
72,mtr-miR168a,0.0,0.0,0.0,0.0,0.0
73,mtr-miR2672,0.0,0.0,0.0,0.0,0.0
74,gma-miR5225,-9.4,5.275022,0.6,250.3152,1.68532
75,gma-miR9738,-27.82,5.275022,1.2,680.8787,2.114197
76,ath-miR5650,0.0,0.0,0.0,0.0,0.0
77,mtr-miR2668,0.0,0.0,0.0,0.0,0.0
78,mtr-miR5274a,158.3,4.050028,0.05,482.5721,2.079734
79,gma-miR396f,224.7,5.275022,0.15,246.3265,1.678489
80,gma-miR4391,0.0,0.0,0.0,0.0,0.0
81,ath-miR5658,-12.0,8.500108,1.071429,933.3636,2.044564
82,ath-miR2939,0.0,0.0,0.0,0.0,0.0
83,mtr-miR2598,0.0,0.0,0.0,0.0,0.0
84,gma-miR5037d,-13.725,8.500108,-0.325,490.6172,1.768778
85,gma-miR5030b,0.0,0.0,0.0,0.0,0.0
86,ath-miR162a-5p,0.0,0.0,0.0,0.0,0.0
87,ath-miR395a,0.0,0.0,0.0,0.0,0.0
88,mtr-miR5561-3p,0.0,5.275022,1.9,149.2113,1.466666
89,mtr-miR2592ap,-21.633333,8.500108,0.733333,376.5146,1.656053
90,gma-miR319a,0.0,0.0,0.0,0.0,0.0
91,gma-miR396h,0.0,0.0,0.0,0.0,0.0
92,ath-miR319c,0.0,0.0,0.0,0.0,0.0
93,ath-miR418,-2.933333,5.275022,0.1,394.5099,1.879602
94,mtr-miR168c-3p,0.0,0.0,0.0,0.0,0.0
95,mtr-miR5749,0.0,0.0,0.0,0.0,0.0
96,gma-miR828a,110.15,5.275022,1.0,446.5614,1.932757
97,ath-miR5654-3p,55.36,4.050028,1.02,676.8238,2.225609
98,ath-miR8121,5.0,5.275022,3.05,248.3423,1.681955
99,mtr-miR2619b-5p,5.0,5.275022,2.35,296.3851,1.757294
100,gma-miR9730,0.0,0.0,0.0,0.0,0.0
101,gma-miR4392,0.0,5.275022,1.9,149.2113,1.466666
102,ath-miR8165,3.533333,5.752981,-0.05,663.7838,2.065881
103,mtr-miR5229a,0.0,5.275022,1.9,149.2113,1.466666
104,gma-miR4403,0.0,0.0,0.0,0.0,0.0
105,ath-miR164a,0.0,0.0,0.0,0.0,0.0
106,ath-miR852,0.0,0.0,0.0,0.0,0.0
107,mtr-miR5247,0.0,5.275022,1.9,149.2113,1.466666
108,mtr-miR5278,0.0,5.275022,1.9,149.2113,1.466666
109,gma-miR10198,0.0,0.0,0.0,0.0,0.0
110,ath-miR401,0.0,0.0,0.0,0.0,0.0
111,ath-miR841b-3p,0.0,0.0,0.0,0.0,0.0
112,mtr-miR2589,0.0,0.0,0.0,0.0,0.0
113,mtr-miR5292a,8.333333,8.500108,0.466667,649.8003,1.889
114,gma-miR482b-5p,43.828571,9.500077,-0.5,703.8111,1.875552
115,gma-miR156f,0.0,0.0,0.0,0.0,0.0
116,ath-miR838,0.0,0.0,0.0,0.0,0.0
117,ath-miR5019,0.0,0.0,0.0,0.0,0.0
118,mtr-miR5207,-30.866667,5.275022,1.3,820.997,2.194899
119,mtr-miR2645,117.35,5.274795,1.075,512.6194,1.992035
120,gma-miR390a-5p,0.0,0.0,0.0,0.0,0.0
121,gma-miR5031,117.35,5.275022,1.85,489.6291,1.972297
122,ath-miR771,0.0,0.0,0.0,0.0,0.0
123,ath-miR5017-5p,0.0,5.275022,1.9,149.2113,1.466666
124,mtr-miR5228,0.0,5.275022,1.9,149.2113,1.466666
125,mtr-miR2642,105.785714,7.975529,0.885714,815.0125,2.013634
126,gma-miR399m,0.0,5.275022,1.9,149.2113,1.466666
127,gma-miR1532,0.0,0.0,0.0,0.0,0.0
128,ath-miR2111a-3p,-11.35,9.500077,0.3,519.6585,1.745859
129,ath-miR5657,0.0,0.0,0.0,0.0,0.0
130,mtr-miR5209,0.0,0.0,0.0,0.0,0.0
131,mtr-miR399d,0.0,0.0,0.0,0.0,0.0
132,gma-miR10191,0.0,0.0,0.0,0.0,0.0
133,ath-miR160a-5p,224.7,5.275022,0.15,246.3265,1.678489
134,mtr-miR5286b,0.0,0.0,0.0,0.0,0.0
135,mtr-miR2635,0.0,0.0,0.0,0.0,0.0
136,gma-miR4387b,66.7,5.275022,1.85,220.2892,1.631046
137,gma-miR1507a,0.0,0.0,0.0,0.0,0.0
138,ath-miR319a,0.0,0.0,0.0,0.0,0.0
139,ath-miR870-5p,0.0,5.275022,1.9,149.2113,1.466666
140,mtr-miR5299,0.0,0.0,0.0,0.0,0.0
141,mtr-miR2671j,0.0,0.0,0.0,0.0,0.0
142,gma-miR164a,0.0,0.0,0.0,0.0,0.0
143,gma-miR169h,0.0,0.0,0.0,0.0,0.0
144,ath-miR774a,47.8,5.275022,2.733333,333.4468,1.807619
145,mtr-miR171c,0.0,0.0,0.0,0.0,0.0
146,mtr-miR7696a-3p,-18.466667,9.500077,-1.1,406.5009,1.641367
147,gma-miR408a-5p,0.0,5.275022,1.9,149.2113,1.466666
148,gma-miR4409,0.0,0.0,0.0,0.0,0.0
149,ath-miR5016,0.0,0.0,0.0,0.0,0.0
150,ath-miR161.1,0.0,0.0,0.0,0.0,0.0
151,mtr-miR160a,224.7,5.275022,0.15,246.3265,1.678489
152,mtr-miR396a-5p,0.0,0.0,0.0,0.0,0.0
153,gma-miR10411,0.0,0.0,0.0,0.0,0.0
154,gma-miR1516a-5p,0.0,0.0,0.0,0.0,0.0
155,ath-miR472-3p,0.0,0.0,0.0,0.0,0.0
156,ath-miR5631,0.0,0.0,0.0,0.0,0.0
157,mtr-miR168b,0.0,0.0,0.0,0.0,0.0
158,mtr-miR5204,0.0,0.0,0.0,0.0,0.0
159,gma-miR408d,0.0,0.0,0.0,0.0,0.0
160,gma-miR4399,0.0,0.0,0.0,0.0,0.0
161,ath-miR5648-3p,0.0,0.0,0.0,0.0,0.0
162,mtr-miR319d-5p,0.0,0.0,0.0,0.0,0.0
163,mtr-miR5270a,0.0,0.0,0.0,0.0,0.0
164,gma-miR4414b,0.0,0.0,0.0,0.0,0.0
165,gma-miR169n-5p,0.0,0.0,0.0,0.0,0.0
166,ath-miR168a-3p,0.0,0.0,0.0,0.0,0.0
167,ath-miR397b,0.0,5.275022,1.9,149.2113,1.466666
168,mtr-miR5295a,67.775,11.000257,-1.725,490.6206,1.658973
169,gma-miR4389,0.0,0.0,0.0,0.0,0.0
170,ath-miR156a-5p,0.0,0.0,0.0,0.0,0.0
171,ath-miR169d,-2.933333,5.272749,1.233333,353.4581,1.832732
172,mtr-miR5275,7.5,4.050028,1.25,538.6567,2.127107
173,mtr-miR5269b,0.0,0.0,0.0,0.0,0.0
174,gma-miR4995,0.0,0.0,0.0,0.0,0.0
175,gma-miR393c-3p,47.8,5.275022,2.05,761.9713,2.162711
176,ath-miR168a-5p,0.0,0.0,0.0,0.0,0.0
177,ath-miR857,-41.04,8.344739,0.94,652.8454,1.898914
178,mtr-miR2594,28.9,8.498045,-1.066667,690.8125,1.915351
179,mtr-miR7697-5p,0.0,0.0,0.0,0.0,0.0
180,gma-miR4996,5.0,5.275022,2.35,296.3851,1.757294
181,ath-miR780.1,0.0,0.0,0.0,0.0,0.0
182,ath-miR5997,0.0,0.0,0.0,0.0,0.0
183,mtr-miR5243,0.0,0.0,0.0,0.0,0.0
184,mtr-miR2677,0.0,0.0,0.0,0.0,0.0
185,gma-miR4412-5p,0.0,0.0,0.0,0.0,0.0
186,gma-miR5559,0.0,0.0,0.0,0.0,0.0
187,ath-miR171a-3p,0.0,0.0,0.0,0.0,0.0
188,ath-miR5018,299.6,5.275022,-0.166667,333.4038,1.807564
189,mtr-miR2613,0.0,5.275022,1.9,149.2113,1.466666
190,mtr-miR5218,0.0,5.275022,1.9,149.2113,1.466666
191,gma-miR1513c,27.866667,5.435308,-2.266667,773.815,2.156453
192,gma-miR169p,-2.933333,5.272749,1.233333,353.4581,1.832732
193,ath-miR399f,0.0,0.0,0.0,0.0,0.0
194,mtr-miR2612,0.0,0.0,0.0,0.0,0.0
195,gma-miR159a-5p,0.0,0.0,0.0,0.0,0.0
196,gma-miR156p,0.0,0.0,0.0,0.0,0.0
197,ath-miR3434-3p,0.0,5.275022,1.9,149.2113,1.466666
198,mtr-miR395h,25.314286,5.750594,0.6,793.007,2.142702
199,mtr-miR159b,0.0,0.0,0.0,0.0,0.0
200,gma-miR393a,0.0,0.0,0.0,0.0,0.0
201,gma-miR4415b-5p,-39.04,5.275022,0.42,490.5741,1.973125
202,ath-miR869.1,0.0,0.0,0.0,0.0,0.0
203,ath-miR864-3p,0.0,0.0,0.0,0.0,0.0
204,mtr-miR2595,224.7,5.275022,0.55,236.2886,1.660807
205,gma-miR5379,98.0875,6.494901,0.4375,1032.2563,2.203939
206,ath-miR447a-3p,6.666667,5.272749,2.4,399.528,1.885204
207,ath-miR774b-5p,-25.96,8.500108,1.16,675.8821,1.905874
208,mtr-miR166b,0.0,0.0,0.0,0.0,0.0
209,gma-miR4380a,5.0,5.272749,2.2,252.3542,1.688954
210,ath-miR8174,-15.685714,7.975529,1.842857,777.0506,1.993125
211,mtr-miR171d,0.0,0.0,0.0,0.0,0.0
212,mtr-miR7698-5p,0.0,0.0,0.0,0.0,0.0
213,gma-miR169o,148.2,7.999833,0.425,479.6178,1.784998
214,gma-miR5769,7.5,8.500108,-0.85,479.5914,1.759077
215,ath-miR5020c,58.12,4.050028,-1.8,593.6046,2.168992
216,ath-miR860,123.4,5.274795,0.3,312.3845,1.779756
217,mtr-miR530,0.0,0.0,0.0,0.0,0.0
218,gma-miR319c,0.0,0.0,0.0,0.0,0.0
219,gma-miR1520f-5p,5.0,5.275022,2.35,296.3851,1.757294
220,ath-miR8168,0.0,0.0,0.0,0.0,0.0
221,ath-miR5643a,0.0,0.0,0.0,0.0,0.0
222,mtr-miR2647a,0.0,0.0,0.0,0.0,0.0
223,mtr-miR5754,0.0,5.275022,1.9,149.2113,1.466666
224,gma-miR2111a,-11.35,5.275022,0.55,491.602,1.974025
225,gma-miR4997b,0.0,0.0,0.0,0.0,0.0
226,ath-miR157c-3p,0.0,0.0,0.0,0.0,0.0
227,mtr-miR2630a,0.0,0.0,0.0,0.0,0.0
228,mtr-miR2639,0.0,0.0,0.0,0.0,0.0
229,gma-miR4364b,0.0,0.0,0.0,0.0,0.0
230,mtr-miR2649,224.7,5.275022,0.55,236.2886,1.660807
231,gma-miR1520c,0.0,0.0,0.0,0.0,0.0
232,ath-miR837-3p,0.0,5.275022,1.9,149.2113,1.466666
233,mtr-miR5234,47.8,4.596478,0.066667,349.4032,1.886578
234,mtr-miR5236a,0.0,0.0,0.0,0.0,0.0
235,gma-miR394b-5p,0.0,0.0,0.0,0.0,0.0
236,gma-miR4386,0.0,0.0,0.0,0.0,0.0
237,ath-miR167d,6.666667,5.275022,1.833333,448.5788,1.934692
238,ath-miR5641,117.35,4.050028,1.675,504.6405,2.098996
239,gma-miR1523b,0.0,0.0,0.0,0.0,0.0
240,gma-miR2118a-5p,24.1,8.500108,0.1,577.6945,1.838617
241,ath-miR841a-5p,0.0,0.0,0.0,0.0,0.0
242,mtr-miR399t-5p,0.0,0.0,0.0,0.0,0.0
243,mtr-miR169g,0.3,7.999833,-0.2,509.6438,1.81095
244,gma-miR10186a,0.0,5.275022,1.9,149.2113,1.466666
245,ath-miR399b,0.0,0.0,0.0,0.0,0.0
246,mtr-miR399j,0.0,0.0,0.0,0.0,0.0
247,gma-miR396b-5p,0.0,0.0,0.0,0.0,0.0
248,gma-miR4404,0.0,0.0,0.0,0.0,0.0
249,ath-miR5653,0.0,0.0,0.0,0.0,0.0
250,ath-miR170-5p,0.0,0.0,0.0,0.0,0.0
251,mtr-miR164d,0.0,5.275022,1.9,149.2113,1.466666
252,mtr-miR2592b-3p,94.766667,4.050028,1.066667,684.846,2.230696
253,gma-miR10409,0.0,0.0,0.0,0.0,0.0
254,ath-miR842,81.566667,9.500077,1.583333,703.8939,1.875602
255,ath-miR3932a,0.3,8.500108,-0.85,479.5914,1.759077
256,mtr-miR5206a,76.842857,5.272749,0.8,868.0336,2.21913
257,gma-miR482c-3p,0.0,0.0,0.0,0.0,0.0
258,gma-miR10422,0.0,0.0,0.0,0.0,0.0
259,ath-miR8175,0.0,0.0,0.0,0.0,0.0
260,ath-miR828,110.15,5.275022,1.0,446.5614,1.932757
261,mtr-miR396b-5p,0.0,0.0,0.0,0.0,0.0
262,gma-miR160a-5p,224.7,5.275022,0.15,246.3265,1.678489
263,ath-miR447c-3p,0.0,0.0,0.0,0.0,0.0
264,ath-miR3434-5p,0.0,0.0,0.0,0.0,0.0
265,mtr-miR172a,81.8,5.275022,1.025,521.6941,1.999561
266,gma-miR10426,0.0,5.275022,1.9,149.2113,1.466666
267,ath-miR168b-3p,0.0,0.0,0.0,0.0,0.0
268,mtr-miR169f,48.45,5.272749,1.875,466.6157,1.951802
269,gma-miR5786,0.0,0.0,0.0,0.0,0.0
270,gma-miR5767,0.0,0.0,0.0,0.0,0.0
271,ath-miR3440b-3p,0.0,0.0,0.0,0.0,0.0
272,mtr-miR5225a,-9.4,5.275022,0.6,250.3152,1.68532
273,gma-miR319h,0.0,0.0,0.0,0.0,0.0
274,gma-miR9736,0.0,0.0,0.0,0.0,0.0
275,ath-miR8172,8.571429,4.162342,-1.2,801.8217,2.286989
276,ath-miR4243,0.0,0.0,0.0,0.0,0.0
277,mtr-miR2616,0.0,0.0,0.0,0.0,0.0
278,mtr-miR5277,0.0,0.0,0.0,0.0,0.0
279,ath-miR166a-5p,0.0,0.0,0.0,0.0,0.0
280,mtr-miR2600a,0.0,5.275022,1.9,149.2113,1.466666
281,mtr-miR5293,55.142857,8.25616,-2.528571,978.1661,2.077285
282,gma-miR1508b,0.0,0.0,0.0,0.0,0.0
283,mtr-miR2658,0.0,5.275022,1.9,149.2113,1.466666
284,gma-miR399j,0.0,0.0,0.0,0.0,0.0
285,ath-miR822-3p,7.5,5.275022,1.05,450.5501,1.936574
286,mtr-miR1510a-5p,0.0,0.0,0.0,0.0,0.0
287,mtr-miR1509a-5p,0.0,0.0,0.0,0.0,0.0
288,gma-miR5671b,0.0,5.275022,1.9,149.2113,1.466666
289,mtr-miR171e-5p,8.333333,9.500077,0.783333,778.962,1.919054
290,mtr-miR171a,0.0,0.0,0.0,0.0,0.0
291,gma-miR396j,0.0,0.0,0.0,0.0,0.0
292,ath-miR822-5p,0.0,5.275022,1.9,149.2113,1.466666
293,ath-miR5655,0.0,0.0,0.0,0.0,0.0
294,mtr-miR2641,0.0,0.0,0.0,0.0,0.0
295,gma-miR482c-5p,5.0,5.275022,0.75,206.2626,1.603163
296,gma-miR5778,0.0,0.0,0.0,0.0,0.0
297,mtr-miR5276,0.0,0.0,0.0,0.0,0.0
298,mtr-miR2111c,0.0,0.0,0.0,0.0,0.0
299,gma-miR5774a,0.0,0.0,0.0,0.0,0.0
300,gma-miR4383,0.0,0.0,0.0,0.0,0.0
301,ath-miR5639-5p,0.0,0.0,0.0,0.0,0.0
302,mtr-miR396a-3p,0.0,0.0,0.0,0.0,0.0
303,gma-miR1520o,0.0,5.275022,1.9,149.2113,1.466666
304,ath-miR399d,0.0,0.0,0.0,0.0,0.0
305,ath-miR5014a-3p,0.0,0.0,0.0,0.0,0.0
306,mtr-miR5037a,0.0,0.0,0.0,0.0,0.0
307,mtr-miR2592ae,0.0,0.0,0.0,0.0,0.0
308,gma-miR5780b,6.666667,5.274795,1.7,425.5421,1.912087
309,gma-miR5373,-9.4,5.275022,1.9,280.4073,1.733659
310,mtr-miR5265,2.62,4.050028,1.02,690.8504,2.234465
311,mtr-miR5205c,0.0,0.0,0.0,0.0,0.0
312,gma-miR482e,28.9,9.500077,0.0,589.7085,1.799851
313,gma-miR1510b-3p,0.0,0.0,0.0,0.0,0.0
314,ath-miR5659,-15.685714,8.500108,1.157143,780.9746,1.967914
315,mtr-miR5267a,0.0,0.0,0.0,0.0,0.0
316,mtr-miR2655b,0.0,0.0,0.0,0.0,0.0
317,gma-miR5036,0.0,0.0,0.0,0.0,0.0
318,ath-miR854a,91.233333,11.999968,-1.25,787.9773,1.823898
319,ath-miR472-5p,-27.814286,5.752981,1.0,774.9685,2.132603
320,mtr-miR2602a,0.0,0.0,0.0,0.0,0.0
321,gma-miR159b-3p,0.0,0.0,0.0,0.0,0.0
322,gma-miR4374c,0.0,0.0,0.0,0.0,0.0
323,ath-miR851-3p,0.0,0.0,0.0,0.0,0.0
324,ath-miR833a-3p,113.18,8.500108,-1.4,579.6674,1.840077
325,mtr-miR395k,0.0,0.0,0.0,0.0,0.0
326,gma-miR1507c-5p,-18.466667,5.972153,-2.033333,434.511,1.867798
327,gma-miR9728,0.0,0.0,0.0,0.0,0.0
328,ath-miR5662,0.0,5.275022,1.9,149.2113,1.466666
329,ath-miR400,-11.35,9.500077,1.35,517.6856,1.744236
330,mtr-miR169a,0.3,7.999833,-0.2,509.6438,1.81095
331,mtr-miR396c,0.0,0.0,0.0,0.0,0.0
332,ath-miR396a-5p,0.0,0.0,0.0,0.0,0.0
333,ath-miR4240,0.0,0.0,0.0,0.0,0.0
334,mtr-miR2600b,0.0,0.0,0.0,0.0,0.0
335,gma-miR172b-5p,0.0,0.0,0.0,0.0,0.0
336,gma-miR5679,0.0,0.0,0.0,0.0,0.0
337,ath-miR159c,0.0,0.0,0.0,0.0,0.0
338,mtr-miR399a,0.0,0.0,0.0,0.0,0.0
339,gma-miR1510a-5p,-9.4,5.275022,0.6,250.3152,1.68532
340,gma-miR4374a,153.133333,5.275022,0.966667,307.3665,1.772822
341,ath-miR832-5p,0.0,0.0,0.0,0.0,0.0
342,gma-miR169i-5p,148.2,7.999833,0.425,479.6178,1.784998
343,gma-miR160b,0.0,5.275022,1.9,149.2113,1.466666
344,mtr-miR5208d,0.0,0.0,0.0,0.0,0.0
345,gma-miR5783,0.0,0.0,0.0,0.0,0.0
346,gma-miR5038a,0.0,0.0,0.0,0.0,0.0
347,ath-miR404,0.0,0.0,0.0,0.0,0.0
348,mtr-miR5221,6.666667,5.275022,2.966667,395.5161,1.880694
349,mtr-miR5286a,0.0,0.0,0.0,0.0,0.0
350,gma-miR156a,0.0,0.0,0.0,0.0,0.0
351,gma-miR10443,0.0,0.0,0.0,0.0,0.0
352,ath-miR406,6.666667,5.275022,3.166667,375.5265,1.858474
353,gma-miR159e-5p,0.0,0.0,0.0,0.0,0.0
354,ath-miR870-3p,0.0,0.0,0.0,0.0,0.0
355,mtr-miR2586b,0.0,0.0,0.0,0.0,0.0
356,mtr-miR4414b,-12.84,5.753209,-0.08,678.8646,2.075538
357,ath-miR4239,5.0,5.275022,2.85,262.3689,1.705333
358,ath-miR403-3p,0.0,0.0,0.0,0.0,0.0
359,mtr-miR156g-5p,0.0,0.0,0.0,0.0,0.0
360,mtr-miR2614,0.0,0.0,0.0,0.0,0.0
361,gma-miR167a,5.0,5.275022,3.2,262.3689,1.705333
362,gma-miR1511,0.0,5.275022,1.9,149.2113,1.466666
363,mtr-miR5256,8.333333,5.587466,0.1,795.9462,2.156707
364,gma-miR4356,0.0,0.0,0.0,0.0,0.0
365,ath-miR160c-3p,0.0,5.275022,1.9,149.2113,1.466666
366,gma-miR166p,0.0,0.0,0.0,0.0,0.0
367,gma-miR1507b,0.0,0.0,0.0,0.0,0.0
368,ath-miR8176,0.0,0.0,0.0,0.0,0.0
369,ath-miR159b-5p,0.0,5.275022,1.9,149.2113,1.466666
370,mtr-miR397-3p,0.0,5.275022,1.9,149.2113,1.466666
371,gma-miR169w,40.76,8.023364,-0.8,646.7831,1.911756
372,ath-miR5648-5p,0.0,0.0,0.0,0.0,0.0
373,mtr-miR2667a,0.0,0.0,0.0,0.0,0.0
374,gma-miR1527,0.0,0.0,0.0,0.0,0.0
375,ath-miR3932b-5p,0.0,0.0,0.0,0.0,0.0
376,ath-miR5017-3p,0.0,0.0,0.0,0.0,0.0
377,mtr-miR5219,72.533333,4.050028,0.283333,719.847,2.252219
378,mtr-miR2606c,0.0,0.0,0.0,0.0,0.0
379,gma-miR5768,0.0,0.0,0.0,0.0,0.0
380,ath-miR447a.2-3p,80.616667,4.050028,1.3,718.8589,2.251626
381,ath-miR839-5p,0.0,0.0,0.0,0.0,0.0
382,mtr-miR2659a,-39.04,5.275022,0.34,564.6543,2.033597
383,gma-miR171k-5p,8.333333,9.500077,0.783333,778.962,1.919054
384,gma-miR5375,0.0,0.0,0.0,0.0,0.0
385,ath-miR5020b,-7.08,4.853391,-1.88,592.6629,2.090304
386,ath-miR5014b,0.0,0.0,0.0,0.0,0.0
387,gma-miR482b-3p,0.0,0.0,0.0,0.0,0.0
388,ath-miR829-3p.2,0.0,0.0,0.0,0.0,0.0
389,mtr-miR5210,97.55,5.272749,0.0,552.6667,2.02455
390,gma-miR390b-3p,0.0,0.0,0.0,0.0,0.0
391,ath-miR4228-5p,0.0,0.0,0.0,0.0,0.0
392,gma-miR394a-3p,0.0,0.0,0.0,0.0,0.0
393,ath-miR2112-3p,0.0,0.0,0.0,0.0,0.0
394,mtr-miR2680a,5.0,5.275022,2.85,262.3689,1.705333
395,mtr-miR5559-5p,0.0,0.0,0.0,0.0,0.0
396,gma-miR5030,0.0,0.0,0.0,0.0,0.0
397,ath-miR398b-3p,0.0,0.0,0.0,0.0,0.0
398,ath-miR158a-3p,0.0,5.275022,1.9,149.2113,1.466666
399,mtr-miR2621,0.0,0.0,0.0,0.0,0.0
400,gma-miR393c-5p,0.0,0.0,0.0,0.0,0.0
401,gma-miR6299,0.0,0.0,0.0,0.0,0.0
402,ath-miR169b-5p,0.3,7.999833,-0.2,509.6438,1.81095
403,ath-miR5014a-5p,0.0,0.0,0.0,0.0,0.0
404,mtr-miR7696a-5p,0.0,0.0,0.0,0.0,0.0
405,ath-miR8171,0.0,0.0,0.0,0.0,0.0
406,ath-miR5633,47.733333,11.000257,-0.166667,788.0137,1.861152
407,mtr-miR156d-3p,0.0,0.0,0.0,0.0,0.0
408,mtr-miR319d-3p,0.0,0.0,0.0,0.0,0.0
409,gma-miR408a-3p,145.428571,6.487682,0.828571,803.9914,2.096652
410,gma-miR530a,0.0,0.0,0.0,0.0,0.0
411,gma-miR5785,0.0,0.0,0.0,0.0,0.0
412,mtr-miR156e,0.0,0.0,0.0,0.0,0.0
413,mtr-miR2609a,0.0,0.0,0.0,0.0,0.0
414,gma-miR9763,0.0,0.0,0.0,0.0,0.0
415,gma-miR4365,0.0,0.0,0.0,0.0,0.0
416,ath-miR5649a,-13.725,5.275022,2.3,462.6038,1.947909
417,mtr-miR5205a,0.0,0.0,0.0,0.0,0.0
418,gma-miR4340,0.0,0.0,0.0,0.0,0.0
419,gma-miR4370,0.0,0.0,0.0,0.0,0.0
420,mtr-miR319a-3p,0.0,0.0,0.0,0.0,0.0
421,mtr-miR393b-3p,7.5,5.275022,2.175,462.6038,1.947909
422,gma-miR4393b,0.0,0.0,0.0,0.0,0.0
423,ath-miR5025,0.0,5.275022,1.9,149.2113,1.466666
424,mtr-miR319c-3p,0.0,0.0,0.0,0.0,0.0
425,mtr-miR5298d,89.0,10.000868,-1.0,536.7519,1.737753
426,ath-miR160a-3p,80.8,9.519998,-0.96,600.6915,1.806844
427,ath-miR829-5p,0.0,0.0,0.0,0.0,0.0
428,mtr-miR156h-3p,0.0,0.0,0.0,0.0,0.0
429,gma-miR169d,0.3,7.999833,-0.2,509.6438,1.81095
430,ath-miR853,0.0,0.0,0.0,0.0,0.0
431,ath-miR861-3p,145.766667,5.58775,-0.966667,725.835,2.116931
432,mtr-miR5291a,8.333333,4.050028,-0.35,606.6463,2.178367
433,mtr-miR2643b-5p,0.0,0.0,0.0,0.0,0.0
434,gma-miR10201,6.666667,4.050028,0.066667,335.3766,1.923288
435,mtr-miR7700-5p,0.0,0.0,0.0,0.0,0.0
436,gma-miR4993,0.0,5.275022,1.9,149.2113,1.466666
437,gma-miR2606a,0.0,0.0,0.0,0.0,0.0
438,ath-miR863-3p,0.0,0.0,0.0,0.0,0.0
439,mtr-miR5563-3p,224.7,5.275022,0.55,236.2886,1.660807
440,gma-miR4348a-5p,-21.633333,5.275022,1.8,349.4462,1.827663
441,ath-miR5636,0.0,0.0,0.0,0.0,0.0
442,ath-miR5652,6.666667,9.500077,-2.033333,419.4996,1.65473
443,gma-miR1524,0.0,0.0,0.0,0.0,0.0
444,mtr-miR408-5p,98.5,5.275022,-0.125,495.6138,1.977517
445,gma-miR4378a,5.0,5.275022,3.05,248.3423,1.681955
446,ath-miR5646,0.0,0.0,0.0,0.0,0.0
447,mtr-miR160c,224.7,5.275022,0.15,246.3265,1.678489
448,mtr-miR5287b,0.0,0.0,0.0,0.0,0.0
449,gma-miR4414a-3p,-11.35,5.753209,-0.575,547.6686,1.983146
450,gma-miR4362,0.0,5.275022,1.9,149.2113,1.466666
451,mtr-miR5233,38.35,5.275022,1.75,505.6301,1.986116
452,mtr-miR5242,224.7,5.275022,0.55,236.2886,1.660807
453,gma-miR482a-3p,0.0,0.0,0.0,0.0,0.0
454,gma-miR4405b,0.0,0.0,0.0,0.0,0.0
455,ath-miR420,0.0,5.275022,1.9,149.2113,1.466666
456,mtr-miR5756,0.0,0.0,0.0,0.0,0.0
457,mtr-miR2593e,5.0,5.275022,-0.8,263.3139,1.706864
458,gma-miR10444,0.0,5.275022,1.9,149.2113,1.466666
459,ath-miR831-5p,-32.7,9.500077,-1.3,305.397,1.520441
460,mtr-miR5225b,-2.933333,5.275022,-0.133333,347.4304,1.825188
461,mtr-miR5212-3p,0.0,0.0,0.0,0.0,0.0
462,ath-miR447c-5p,165.5,8.500108,-0.9,451.5382,1.73337
463,ath-miR5638a,0.0,0.0,0.0,0.0,0.0
464,mtr-miR5284h,0.0,0.0,0.0,0.0,0.0
465,gma-miR166h-3p,0.0,0.0,0.0,0.0,0.0
466,ath-miR5628,5.0,5.275022,3.2,262.3689,1.705333
467,mtr-miR5208a,8.333333,4.050028,1.633333,662.7956,2.216567
468,gma-miR9752,0.0,0.0,0.0,0.0,0.0
469,gma-miR4413a,0.0,0.0,0.0,0.0,0.0
470,ath-miR845a,0.0,5.275022,1.9,149.2113,1.466666
471,ath-miR859,0.0,0.0,0.0,0.0,0.0
472,mtr-miR5554a-3p,6.666667,5.275022,3.4,375.5265,1.858474
473,mtr-miR2199,0.0,0.0,0.0,0.0,0.0
474,gma-miR1509b,0.0,0.0,0.0,0.0,0.0
475,ath-miR8167a,64.283333,9.500077,-0.933333,821.9454,1.942107
476,mtr-miR2089-5p,0.0,0.0,0.0,0.0,0.0
477,mtr-miR2591,0.0,0.0,0.0,0.0,0.0
478,gma-miR391-5p,-2.933333,5.275022,1.666667,363.4728,1.844505
479,ath-miR169a-5p,0.3,7.999833,-0.2,509.6438,1.81095
480,mtr-miR5266,0.0,0.0,0.0,0.0,0.0
481,gma-miR168a,0.0,0.0,0.0,0.0,0.0
482,gma-miR171r,0.0,0.0,0.0,0.0,0.0
483,mtr-miR167a,5.0,5.275022,3.2,262.3689,1.705333
484,gma-miR5032,0.0,0.0,0.0,0.0,0.0
485,gma-miR1512a-5p,0.0,0.0,0.0,0.0,0.0
486,gma-miR4375,0.0,0.0,0.0,0.0,0.0
487,gma-miR10435,0.0,0.0,0.0,0.0,0.0
488,ath-miR846-5p,0.0,0.0,0.0,0.0,0.0
489,gma-miR5761a,0.0,0.0,0.0,0.0,0.0
490,gma-miR1535b,224.7,5.275022,0.55,236.2886,1.660807
491,ath-miR157a-5p,0.0,0.0,0.0,0.0,0.0
492,mtr-miR169d-5p,0.3,7.999833,-0.2,509.6438,1.81095
493,ath-miR829-3p.1,-2.933333,4.596478,0.1,409.5213,1.954699
494,mtr-miR482-5p,5.0,5.275022,0.75,206.2626,1.603163
495,gma-miR10447,8.0,4.298131,1.04,577.6912,2.131635
496,gma-miR10438,0.0,0.0,0.0,0.0,0.0
497,ath-miR5638b,0.0,0.0,0.0,0.0,0.0
498,mtr-miR2601,0.0,0.0,0.0,0.0,0.0
499,mtr-miR2633,0.0,0.0,0.0,0.0,0.0
500,gma-miR408b-5p,0.0,0.0,0.0,0.0,0.0
501,gma-miR9741,5.0,5.272749,2.2,252.3542,1.688954
502,ath-miR414,0.0,0.0,0.0,0.0,0.0
503,ath-miR781a,0.0,0.0,0.0,0.0,0.0
504,mtr-miR2656a,0.0,0.0,0.0,0.0,0.0
505,gma-miR4387a,-9.4,5.275022,0.6,250.3152,1.68532
506,gma-miR9743,0.0,5.275022,1.9,149.2113,1.466666
507,mtr-miR2592bp-3p,0.0,0.0,0.0,0.0,0.0
508,mtr-miR7696c-3p,-18.466667,9.500077,-1.1,406.5009,1.641367
509,gma-miR9737,0.0,0.0,0.0,0.0,0.0
510,gma-miR159d,6.666667,4.050028,-1.066667,361.4139,1.955386
511,mtr-miR5559-3p,0.0,0.0,0.0,0.0,0.0
512,mtr-miR399s-5p,0.0,0.0,0.0,0.0,0.0
513,mtr-miR5257,0.0,0.0,0.0,0.0,0.0
514,ath-miR846-3p,0.0,0.0,0.0,0.0,0.0
515,mtr-miR4414a-5p,0.0,0.0,0.0,0.0,0.0
516,gma-miR9748,0.0,5.275022,1.9,149.2113,1.466666
517,gma-miR10431,38.35,7.999833,-0.9,522.6425,1.821721
518,ath-miR827,49.6,8.500108,-0.34,605.7477,1.858919
519,mtr-miR395b,-2.2,5.752754,0.057143,853.0373,2.174011
520,ath-miR5644,0.0,0.0,0.0,0.0,0.0
521,mtr-miR5556-5p,0.0,0.0,0.0,0.0,0.0
522,gma-miR4371a,48.45,4.596478,-0.775,466.5065,2.010691
523,gma-miR10441,6.666667,8.500108,-0.933333,364.4609,1.642239
524,mtr-miR2679a,0.0,0.0,0.0,0.0,0.0
525,gma-miR156b,0.0,0.0,0.0,0.0,0.0
526,mtr-miR172d-5p,0.0,0.0,0.0,0.0,0.0
527,gma-miR172h-5p,0.0,0.0,0.0,0.0,0.0
528,gma-miR9724b,0.0,0.0,0.0,0.0,0.0
529,ath-miR1886.2,8.0,8.500108,1.1,590.7761,1.848203
530,mtr-miR5287a,0.0,0.0,0.0,0.0,0.0
531,gma-miR169i-3p,0.0,0.0,0.0,0.0,0.0
532,ath-miR165a-3p,0.0,0.0,0.0,0.0,0.0
533,mtr-miR399q,0.0,0.0,0.0,0.0,0.0
534,gma-miR5776,0.0,0.0,0.0,0.0,0.0
535,gma-miR530b,0.0,0.0,0.0,0.0,0.0
536,ath-miR866-3p,0.0,0.0,0.0,0.0,0.0
537,gma-miR169n-3p,0.0,0.0,0.0,0.0,0.0
538,ath-miR8180,0.0,0.0,0.0,0.0,0.0
539,gma-miR4414a-5p,0.0,0.0,0.0,0.0,0.0
540,gma-miR171o-5p,0.0,0.0,0.0,0.0,0.0
541,ath-miR5024-5p,10.428571,10.834379,-2.028571,937.0776,1.941964
542,mtr-miR5290,0.0,0.0,0.0,0.0,0.0
543,gma-miR10448,0.0,0.0,0.0,0.0,0.0
544,gma-miR10439,6.666667,4.596478,0.733333,391.4829,1.935357
545,mtr-miR2590g,-26.457143,11.166005,-1.114286,819.0278,1.871282
546,gma-miR396g,291.4,6.491377,-0.65,286.3506,1.654297
547,ath-miR833b,0.0,0.0,0.0,0.0,0.0
548,ath-miR8170-5p,0.0,5.275022,1.9,149.2113,1.466666
549,gma-miR4393a,0.0,0.0,0.0,0.0,0.0
550,gma-miR4372b,0.0,5.275022,1.9,149.2113,1.466666
551,ath-miR5595a,8.0,5.272749,3.24,625.8432,2.078072
552,mtr-miR5296,0.0,0.0,0.0,0.0,0.0
553,mtr-miR2608,0.0,0.0,0.0,0.0,0.0
554,gma-miR2108a,-4.233333,7.736378,1.516667,713.9567,1.969815
555,ath-miR172b-5p,0.0,0.0,0.0,0.0,0.0
556,gma-miR10405a,0.0,0.0,0.0,0.0,0.0
557,ath-miR169b-3p,0.0,0.0,0.0,0.0,0.0
558,gma-miR4353,0.0,0.0,0.0,0.0,0.0
559,ath-miR3440b-5p,0.0,0.0,0.0,0.0,0.0
560,mtr-miR2663,0.0,0.0,0.0,0.0,0.0
561,gma-miR4416a,0.0,0.0,0.0,0.0,0.0
562,mtr-miR5292b,8.0,8.500108,0.72,562.723,1.827381
563,mtr-miR396b-3p,0.0,0.0,0.0,0.0,0.0
564,gma-miR10446,0.0,0.0,0.0,0.0,0.0
565,ath-miR5996,0.0,0.0,0.0,0.0,0.0
566,gma-miR10412,0.0,0.0,0.0,0.0,0.0
567,mtr-miR5237,0.0,0.0,0.0,0.0,0.0
568,mtr-miR1507-3p,0.0,0.0,0.0,0.0,0.0
569,gma-miR156r,0.0,0.0,0.0,0.0,0.0
570,gma-miR1528,0.0,0.0,0.0,0.0,0.0
571,mtr-miR2670a,0.0,0.0,0.0,0.0,0.0
572,mtr-miR2678,0.0,0.0,0.0,0.0,0.0
573,gma-miR5033,0.0,0.0,0.0,0.0,0.0
574,ath-miR5637,16.333333,9.500077,0.066667,766.9083,1.912363
575,mtr-miR2631,0.0,0.0,0.0,0.0,0.0
576,mtr-miR5748,0.0,0.0,0.0,0.0,0.0
577,ath-miR1888a,0.0,0.0,0.0,0.0,0.0
578,mtr-miR399b,0.0,0.0,0.0,0.0,0.0
579,gma-miR5034,0.0,0.0,0.0,0.0,0.0
580,gma-miR166u,0.0,0.0,0.0,0.0,0.0
581,ath-miR779.1,7.5,5.275022,3.325,488.6841,1.971467
582,ath-miR865-3p,0.0,0.0,0.0,0.0,0.0
583,mtr-miR2628,6.666667,5.971868,-1.833333,406.4976,1.839282
584,gma-miR10417,0.0,0.0,0.0,0.0,0.0
585,gma-miR4346,0.0,0.0,0.0,0.0,0.0
586,ath-miR5665,0.0,0.0,0.0,0.0,0.0
587,mtr-miR5273,0.0,0.0,0.0,0.0,0.0
588,gma-miR319p,0.0,0.0,0.0,0.0,0.0
589,gma-miR398c,0.0,0.0,0.0,0.0,0.0
590,gma-miR167c,5.0,5.275022,3.2,262.3689,1.705333
591,ath-miR824-3p,5.0,5.275022,3.05,248.3423,1.681955
592,mtr-miR2618a,0.0,0.0,0.0,0.0,0.0
593,gma-miR1516a-3p,194.266667,5.272749,2.066667,323.4321,1.794769
594,mtr-miR2592s-3p,94.766667,4.050028,1.066667,684.846,2.230696
595,gma-miR156e,0.0,0.0,0.0,0.0,0.0
596,ath-miR156h,0.0,0.0,0.0,0.0,0.0
597,mtr-miR2634,0.0,0.0,0.0,0.0,0.0
598,ath-miR867,-18.466667,5.274795,1.6,411.5155,1.897712
599,ath-miR169g-3p,0.0,0.0,0.0,0.0,0.0
600,mtr-miR2597,0.0,0.0,0.0,0.0,0.0
601,gma-miR2107,0.0,0.0,0.0,0.0,0.0
602,mtr-miR2651,217.333333,5.275022,0.7,317.4044,1.786547
603,mtr-miR2611,0.0,5.275022,1.9,149.2113,1.466666
604,gma-miR156q,0.0,0.0,0.0,0.0,0.0
605,gma-miR10430,0.0,0.0,0.0,0.0,0.0
606,ath-miR396b-3p,0.0,0.0,0.0,0.0,0.0
607,gma-miR5775,0.0,0.0,0.0,0.0,0.0
608,gma-miR10188,0.0,0.0,0.0,0.0,0.0
609,gma-miR10424a,0.0,0.0,0.0,0.0,0.0
610,mtr-miR172d-3p,-2.933333,5.275022,2.533333,393.5649,1.878574
611,gma-miR166i-5p,134.4,5.275022,-0.18,467.4945,1.952425
612,ath-miR861-5p,45.733333,9.500077,-2.033333,433.5262,1.668702
613,ath-miR5998a,0.0,0.0,0.0,0.0,0.0
614,gma-miR390a-3p,0.0,0.0,0.0,0.0,0.0
615,gma-miR5777,7.5,4.050028,1.0,448.5342,2.048241
616,mtr-miR5560-3p,7.5,4.596478,-0.825,463.5058,2.007916
617,mtr-miR166a,0.0,0.0,0.0,0.0,0.0
618,gma-miR5780d,0.0,0.0,0.0,0.0,0.0
619,mtr-miR5746,0.0,0.0,0.0,0.0,0.0
620,mtr-miR2638a,71.342857,5.272749,1.242857,736.9006,2.148468
621,ath-miR173-3p,0.0,0.0,0.0,0.0,0.0
622,gma-miR4352b,0.0,5.275022,1.9,149.2113,1.466666
623,mtr-miR2655a,0.0,0.0,0.0,0.0,0.0
624,gma-miR5037b,0.0,0.0,0.0,0.0,0.0
625,gma-miR5376,0.0,0.0,0.0,0.0,0.0
626,ath-miR848,26.283333,8.500108,0.6,657.8653,1.894288
627,ath-miR868-3p,0.0,5.275022,1.9,149.2113,1.466666
628,mtr-miR319a-5p,0.0,0.0,0.0,0.0,0.0
629,gma-miR4408,-32.575,9.500077,0.3,461.5793,1.695367
630,gma-miR9766,5.0,8.500108,-1.0,277.3836,1.526765
631,ath-miR167a-3p,8.0,5.275022,1.98,553.6713,2.025146
632,mtr-miR164a,0.0,0.0,0.0,0.0,0.0
633,gma-miR4347,0.0,0.0,0.0,0.0,0.0
634,mtr-miR5556-3p,122.066667,4.050028,-0.8,749.83,2.269844
635,gma-miR5377,0.0,5.275022,1.9,149.2113,1.466666
636,gma-miR5667-3p,70.866667,4.050028,-0.8,351.376,1.943291
637,gma-miR166a-3p,0.0,0.0,0.0,0.0,0.0
638,gma-miR1520p,8.75,4.050028,0.3,890.9976,2.344388
639,mtr-miR2625,0.0,0.0,0.0,0.0,0.0
640,gma-miR10199,8.0,5.275022,1.66,519.6551,1.997877
641,gma-miR5674a,0.0,0.0,0.0,0.0,0.0
642,ath-miR172c,81.8,5.275022,1.025,521.6941,1.999561
643,mtr-miR397-5p,0.0,5.275022,1.9,149.2113,1.466666
644,gma-miR319g,0.0,0.0,0.0,0.0,0.0
645,gma-miR10415,0.0,5.275022,1.9,149.2113,1.466666
646,mtr-miR2660,0.0,0.0,0.0,0.0,0.0
647,gma-miR9747,-32.7,9.500077,-1.3,305.397,1.520441
648,ath-miR157a-3p,0.0,0.0,0.0,0.0,0.0
649,ath-miR172d-5p,0.0,0.0,0.0,0.0,0.0
650,gma-miR1520m,40.76,4.050028,-0.66,582.6481,2.160957
651,ath-miR391-5p,0.0,0.0,0.0,0.0,0.0
652,mtr-miR2670f,0.0,0.0,0.0,0.0,0.0
653,mtr-miR2670e,0.0,0.0,0.0,0.0,0.0
654,ath-miR869.2,0.0,0.0,0.0,0.0,0.0
655,gma-miR156g,0.0,0.0,0.0,0.0,0.0
656,ath-miR5015,7.5,5.272749,1.85,452.5891,1.938697
657,gma-miR4360,0.0,0.0,0.0,0.0,0.0
658,gma-miR168b,0.0,0.0,0.0,0.0,0.0
659,ath-miR395b,0.0,0.0,0.0,0.0,0.0
660,gma-miR5037a,0.0,0.0,0.0,0.0,0.0
661,ath-miR163,0.0,0.0,0.0,0.0,0.0
662,mtr-miR5215,95.88,5.274795,1.48,625.777,2.077859
663,mtr-miR5289a,0.0,0.0,0.0,0.0,0.0
664,ath-miR5663-3p,31.44,5.275022,1.18,590.733,2.053028
665,mtr-miR2592a-5p,6.666667,5.275022,1.3,383.4624,1.867432
666,gma-miR5672,62.666667,4.050028,0.866667,736.8973,2.262329
667,ath-miR5632-5p,0.0,0.0,0.0,0.0,0.0
668,mtr-miR5260,66.7,5.275022,1.85,220.2892,1.631046
669,gma-miR9754,0.0,0.0,0.0,0.0,0.0
670,ath-miR157d,0.0,0.0,0.0,0.0,0.0
671,mtr-miR2632a,0.0,0.0,0.0,0.0,0.0
672,mtr-miR5264,0.0,0.0,0.0,0.0,0.0
673,gma-miR4997,-32.7,9.500077,-1.3,305.397,1.520441
674,gma-miR10433,0.0,0.0,0.0,0.0,0.0
675,ath-miR396b-5p,0.0,0.0,0.0,0.0,0.0
676,mtr-miR5558-3p,0.0,0.0,0.0,0.0,0.0
677,gma-miR171j-5p,0.0,0.0,0.0,0.0,0.0
678,ath-miR169a-3p,0.0,0.0,0.0,0.0,0.0
679,gma-miR5673,0.0,0.0,0.0,0.0,0.0
680,mtr-miR2111e-3p,7.5,5.275022,3.675,488.6841,1.971467
681,mtr-miR5252,0.0,0.0,0.0,0.0,0.0
682,gma-miR390b-5p,0.0,0.0,0.0,0.0,0.0
683,gma-miR393b,7.5,5.275022,2.175,462.6038,1.947909
684,mtr-miR395a,25.314286,5.750594,0.6,793.007,2.142702
685,mtr-miR1510b-5p,28.9,5.060626,-0.583333,760.8574,2.179978
686,gma-miR5764,-2.933333,4.298131,0.1,395.4947,1.968555
687,ath-miR2934-5p,0.0,0.0,0.0,0.0,0.0
688,gma-miR1520f-3p,0.3,5.315094,-1.375,502.5419,1.980231
689,ath-miR397a,0.0,5.275022,1.9,149.2113,1.466666
690,mtr-miR169k,148.2,7.999833,0.425,479.6178,1.784998
691,mtr-miR5294a,-11.35,9.500077,1.45,503.659,1.732525
692,mtr-miR2664a,0.0,0.0,0.0,0.0,0.0
693,mtr-miR2607,0.0,5.275022,1.9,149.2113,1.466666
694,gma-miR4367,0.0,0.0,0.0,0.0,0.0
695,ath-miR391-3p,0.0,0.0,0.0,0.0,0.0
696,mtr-miR4414a-3p,-11.35,5.753209,-0.575,547.6686,1.983146
697,mtr-miR2627,0.0,0.0,0.0,0.0,0.0
698,gma-miR5675,5.0,4.596478,-0.8,278.3253,1.789241
699,gma-miR2119,0.0,0.0,0.0,0.0,0.0
700,mtr-miR160f,0.0,0.0,0.0,0.0,0.0
701,gma-miR4395,6.666667,5.275022,1.766667,319.4202,1.789252
702,gma-miR9760,-9.4,5.275022,1.9,280.4073,1.733659
703,ath-miR5027,0.0,0.0,0.0,0.0,0.0
704,mtr-miR5298a,89.0,10.000868,-1.0,536.7519,1.737753
705,ath-miR776,0.0,5.275022,1.9,149.2113,1.466666
706,mtr-miR171e-3p,0.0,0.0,0.0,0.0,0.0
707,ath-miR2938,0.0,0.0,0.0,0.0,0.0
708,gma-miR1512c,0.0,0.0,0.0,0.0,0.0
709,mtr-miR5285a,0.0,0.0,0.0,0.0,0.0
710,ath-miR156g,0.0,0.0,0.0,0.0,0.0
711,ath-miR774b-3p,0.0,0.0,0.0,0.0,0.0
712,ath-miR165a-5p,40.433333,9.500077,-0.133333,649.7605,1.84133
713,ath-miR405a,96.125,5.275022,1.1,521.6295,1.999508
714,mtr-miR2592bo-5p,0.0,0.0,0.0,0.0,0.0
715,ath-miR394a,0.0,0.0,0.0,0.0,0.0
716,gma-miR167h,-3.557143,5.275022,1.057143,649.7572,2.094038
717,gma-miR10190,90.12,5.275022,1.36,581.7461,2.046429
718,ath-miR396a-3p,0.0,0.0,0.0,0.0,0.0
719,mtr-miR398a-5p,0.0,0.0,0.0,0.0,0.0
720,gma-miR5035-5p,0.0,0.0,0.0,0.0,0.0
721,gma-miR5764b,40.433333,4.050028,2.116667,692.8878,2.235736
722,gma-miR172i-3p,0.3,6.491377,1.1,530.7042,1.917796
723,gma-miR4355,0.0,0.0,0.0,0.0,0.0
724,ath-miR171b-3p,0.0,0.0,0.0,0.0,0.0
725,mtr-miR5259,0.0,0.0,0.0,0.0,0.0
726,mtr-miR171b,0.0,0.0,0.0,0.0,0.0
727,mtr-miR399r,0.0,0.0,0.0,0.0,0.0
728,mtr-miR5258,0.0,0.0,0.0,0.0,0.0
729,gma-miR171k-3p,0.0,0.0,0.0,0.0,0.0
730,ath-miR856,0.0,0.0,0.0,0.0,0.0
731,ath-miR8183,0.0,0.0,0.0,0.0,0.0
732,gma-miR4415a-5p,-11.35,9.500077,-0.4,532.6572,1.756398
733,mtr-miR172c-5p,0.0,0.0,0.0,0.0,0.0
734,mtr-miR2646a,24.1,4.050028,-0.633333,714.7411,2.249145
735,gma-miR4406,0.0,0.0,0.0,0.0,0.0
736,ath-miR169f-3p,0.0,0.0,0.0,0.0,0.0
737,gma-miR1512b,0.0,0.0,0.0,0.0,0.0
738,ath-miR167c-5p,70.866667,5.275022,3.4,375.5265,1.858474
739,mtr-miR395g,0.0,0.0,0.0,0.0,0.0
740,gma-miR4358,90.12,5.275022,0.66,547.6653,2.020454
741,ath-miR159b-3p,0.0,0.0,0.0,0.0,0.0
742,mtr-miR169h,0.3,7.999833,-0.2,509.6438,1.81095
743,gma-miR10410a,0.0,0.0,0.0,0.0,0.0
744,gma-miR9724,0.0,0.0,0.0,0.0,0.0
745,ath-miR837-5p,0.0,0.0,0.0,0.0,0.0
746,ath-miR2933a,0.0,0.0,0.0,0.0,0.0
747,gma-miR1531-5p,70.528571,4.136935,-1.2,820.9079,2.299799
748,ath-miR419,40.433333,4.050028,-0.433333,677.7242,2.226183
749,mtr-miR2118,0.0,0.0,0.0,0.0,0.0
750,gma-miR1509a,0.0,0.0,0.0,0.0,0.0
751,ath-miR164b-3p,177.866667,5.272749,-0.066667,620.7392,2.074546
752,mtr-miR2592bq-5p,-27.92,5.275022,1.14,590.733,2.053028
753,gma-miR399a,0.0,0.0,0.0,0.0,0.0
754,mtr-miR5223,0.0,5.275022,1.9,149.2113,1.466666
755,mtr-miR5232,183.766667,4.596478,-0.166667,662.7527,2.161928
756,gma-miR169j-3p,0.0,0.0,0.0,0.0,0.0
757,gma-miR1513a-5p,-2.933333,5.274795,-0.033333,413.4884,1.899763
758,ath-miR166e-5p,-5.816667,9.500077,-0.116667,663.7871,1.850473
759,mtr-miR5224a,-11.35,5.58775,-0.475,519.6154,1.97309
760,gma-miR10186b,0.0,5.275022,1.9,149.2113,1.466666
761,gma-miR399d,0.0,0.0,0.0,0.0,0.0
762,gma-miR10437,0.0,0.0,0.0,0.0,0.0
763,mtr-miR5262,0.0,0.0,0.0,0.0,0.0
764,ath-miR8166,0.0,0.0,0.0,0.0,0.0
765,mtr-miR2653a,0.0,5.275022,1.9,149.2113,1.466666
766,mtr-miR7696c-5p,0.0,0.0,0.0,0.0,0.0
767,gma-miR4364a,0.0,0.0,0.0,0.0,0.0
768,gma-miR862a,78.9,5.971868,-0.5,606.7325,2.011141
769,gma-miR169b,0.3,7.999833,-0.2,509.6438,1.81095
770,ath-miR5661,0.0,5.275022,1.9,149.2113,1.466666
771,mtr-miR2623,0.0,5.275022,1.9,149.2113,1.466666
772,mtr-miR5282,0.0,0.0,0.0,0.0,0.0
773,ath-miR4245,0.0,0.0,0.0,0.0,0.0
774,mtr-miR171f,0.0,0.0,0.0,0.0,0.0
775,mtr-miR2592bl-3p,0.0,0.0,0.0,0.0,0.0
776,gma-miR3522,217.333333,5.275022,0.1,323.3659,1.794497
777,mtr-miR5261,38.35,5.275022,2.325,404.5247,1.890347
778,gma-miR319i,0.0,0.0,0.0,0.0,0.0
779,gma-miR2109-5p,0.0,0.0,0.0,0.0,0.0
780,ath-miR8173,5.0,5.272749,2.2,252.3542,1.688954
781,ath-miR159a,0.0,0.0,0.0,0.0,0.0
782,gma-miR4412-3p,0.0,0.0,0.0,0.0,0.0
783,gma-miR169a,0.3,7.999833,-0.2,509.6438,1.81095
784,ath-miR399e,0.0,0.0,0.0,0.0,0.0
785,ath-miR2111a-5p,0.0,0.0,0.0,0.0,0.0
786,mtr-miR156g-3p,0.0,0.0,0.0,0.0,0.0
787,gma-miR10193e,6.666667,5.275022,1.666667,363.4728,1.844505
788,mtr-miR5283,29.233333,8.497787,-1.3,468.5702,1.749274
789,gma-miR4390,0.0,0.0,0.0,0.0,0.0
790,gma-miR5678,95.88,9.500077,0.98,618.7895,1.820433
791,mtr-miR482-3p,0.0,5.275022,1.9,149.2113,1.466666
792,mtr-miR5240,0.0,0.0,0.0,0.0,0.0
793,gma-miR166a-5p,40.433333,9.500077,-0.133333,649.7605,1.84133
794,ath-miR390a-3p,0.0,0.0,0.0,0.0,0.0
795,gma-miR10442,8.0,5.315094,0.56,627.7532,2.07594
796,ath-miR156c-3p,0.0,0.0,0.0,0.0,0.0
797,mtr-miR5750,0.0,0.0,0.0,0.0,0.0
798,mtr-miR2619b-3p,0.0,0.0,0.0,0.0,0.0
799,gma-miR1516c,98.857143,4.050028,0.285714,693.7667,2.236283
800,gma-miR9753,0.0,0.0,0.0,0.0,0.0
801,gma-miR4387e,0.0,5.275022,1.9,149.2113,1.466666
802,gma-miR1520a,71.2,5.060626,-0.22,601.6729,2.078794
803,ath-miR5022,21.083333,5.587466,-0.983333,771.9049,2.143481
804,ath-miR162a-3p,0.0,0.0,0.0,0.0,0.0
805,mtr-miR5211,6.666667,5.275022,-0.033333,303.3778,1.767246
806,gma-miR5773,0.0,0.0,0.0,0.0,0.0
807,ath-miR408-5p,0.0,5.275022,1.9,149.2113,1.466666
808,ath-miR415,0.0,0.0,0.0,0.0,0.0
809,mtr-miR2624,0.0,0.0,0.0,0.0,0.0
810,gma-miR167k,0.0,0.0,0.0,0.0,0.0
811,gma-miR9732,0.3,5.272749,0.7,497.6528,1.979467
812,ath-miR830-5p,0.0,0.0,0.0,0.0,0.0
813,gma-miR4381,0.0,5.275022,1.9,149.2113,1.466666
814,gma-miR169k,0.3,7.999833,-0.2,509.6438,1.81095
815,gma-miR159a-3p,0.0,0.0,0.0,0.0,0.0
816,mtr-miR399l,0.0,0.0,0.0,0.0,0.0
817,gma-miR9733,0.0,0.0,0.0,0.0,0.0
818,mtr-miR2111l,-11.35,5.275022,1.85,503.6557,1.984434
819,gma-miR5370,0.0,0.0,0.0,0.0,0.0
820,ath-miR835-5p,7.5,5.275022,3.0,556.7165,2.027505
821,gma-miR5041-3p,0.0,5.275022,1.9,149.2113,1.466666
822,ath-miR167a-5p,5.0,5.275022,3.2,262.3689,1.705333
823,gma-miR1521b,0.0,0.0,0.0,0.0,0.0
824,gma-miR4361,0.0,0.0,0.0,0.0,0.0
825,ath-miR773a,0.0,0.0,0.0,0.0,0.0
826,mtr-miR398b,0.0,0.0,0.0,0.0,0.0
827,gma-miR9755,0.0,0.0,0.0,0.0,0.0
828,ath-miR2934-3p,0.0,0.0,0.0,0.0,0.0
829,mtr-miR5747,0.0,0.0,0.0,0.0,0.0
830,gma-miR169s-3p,0.0,0.0,0.0,0.0,0.0
831,gma-miR4352a,0.0,0.0,0.0,0.0,0.0
832,mtr-miR172b,0.3,6.491377,1.1,530.7042,1.917796
833,gma-miR4357,0.0,0.0,0.0,0.0,0.0
834,gma-miR1519,0.0,0.0,0.0,0.0,0.0
835,ath-miR855,0.0,0.0,0.0,0.0,0.0
836,ath-miR156a-3p,0.0,0.0,0.0,0.0,0.0
837,mtr-miR5272a,-13.725,5.274795,0.75,516.6096,1.995369
838,mtr-miR7697-3p,0.0,0.0,0.0,0.0,0.0
839,ath-miR161.2,291.4,6.491377,-0.65,286.3506,1.654297
840,mtr-miR399c,0.0,0.0,0.0,0.0,0.0
841,mtr-miR2111a-3p,-11.35,5.275022,1.85,503.6557,1.984434
842,gma-miR171c-3p,0.0,0.0,0.0,0.0,0.0
843,mtr-miR156i-3p,0.0,0.0,0.0,0.0,0.0
844,mtr-miR5271a,0.0,0.0,0.0,0.0,0.0
845,gma-miR4387d,87.75,5.373183,-0.6625,986.1036,2.266051
846,ath-miR398b-5p,-11.35,9.519998,-1.625,543.6402,1.764214
847,gma-miR1530,0.0,0.0,0.0,0.0,0.0
848,ath-miR5630a,0.0,5.275022,1.9,149.2113,1.466666
849,ath-miR844-3p,0.0,0.0,0.0,0.0,0.0
850,mtr-miR5557-5p,0.0,0.0,0.0,0.0,0.0
851,gma-miR4416c-5p,0.0,0.0,0.0,0.0,0.0
852,gma-miR319d,0.0,0.0,0.0,0.0,0.0
853,gma-miR10406a,0.0,0.0,0.0,0.0,0.0
854,gma-miR4371c,0.0,0.0,0.0,0.0,0.0
855,mtr-miR2674,0.0,5.275022,1.9,149.2113,1.466666
856,gma-miR9756,0.0,0.0,0.0,0.0,0.0
857,mtr-miR5249,0.0,0.0,0.0,0.0,0.0
858,ath-miR843,0.0,0.0,0.0,0.0,0.0
859,ath-miR1886.3,0.0,0.0,0.0,0.0,0.0
860,gma-miR5770a,-30.075,5.275022,1.125,535.6561,2.010918
861,mtr-miR2652a,-32.575,5.275022,-0.05,405.4697,1.891348
862,gma-miR1516d,0.0,0.0,0.0,0.0,0.0
863,mtr-miR2661,5.0,5.275022,0.75,206.2626,1.603163
864,gma-miR399l,0.0,0.0,0.0,0.0,0.0
865,mtr-miR5214-3p,0.0,0.0,0.0,0.0,0.0
866,mtr-miR2657,0.0,0.0,0.0,0.0,0.0
867,gma-miR1536,70.866667,5.272749,2.733333,365.5118,1.847085
868,gma-miR10432,0.0,0.0,0.0,0.0,0.0
869,ath-miR5024-3p,0.0,0.0,0.0,0.0,0.0
870,mtr-miR156c-3p,0.0,0.0,0.0,0.0,0.0
871,gma-miR1526,0.0,0.0,0.0,0.0,0.0
872,ath-miR5635a,0.0,0.0,0.0,0.0,0.0
873,mtr-miR2617a,217.333333,5.275022,1.5,345.4575,1.822752
874,gma-miR396d,0.0,5.275022,1.9,149.2113,1.466666
875,ath-miR5664,0.0,0.0,0.0,0.0,0.0
876,mtr-miR5740,0.0,0.0,0.0,0.0,0.0
877,gma-miR5771,0.0,0.0,0.0,0.0,0.0
878,mtr-miR5288,0.0,0.0,0.0,0.0,0.0
879,gma-miR10193a,7.5,5.275022,1.075,464.5767,1.949737
880,mtr-miR2587a,-2.933333,5.275022,-1.066667,360.4291,1.840906
881,gma-miR5779,5.0,5.275022,2.85,262.3689,1.705333
882,gma-miR4349-5p,0.0,0.0,0.0,0.0,0.0
883,ath-miR8169,0.0,0.0,0.0,0.0,0.0
884,gma-miR5037c,0.0,0.0,0.0,0.0,0.0
885,gma-miR169c,0.3,7.999833,-0.2,509.6438,1.81095
886,ath-miR2111b-3p,0.0,0.0,0.0,0.0,0.0
887,ath-miR407,0.0,0.0,0.0,0.0,0.0
888,mtr-miR2603,0.0,0.0,0.0,0.0,0.0
889,gma-miR1512a-3p,0.0,5.275022,1.9,149.2113,1.466666
890,mtr-miR169l-3p,0.0,0.0,0.0,0.0,0.0
891,ath-miR849,0.0,0.0,0.0,0.0,0.0
892,mtr-miR5561-5p,0.0,0.0,0.0,0.0,0.0
893,mtr-miR166g-5p,40.433333,9.500077,-0.133333,649.7605,1.84133
894,mtr-miR169e-5p,0.3,7.999833,-0.2,509.6438,1.81095
895,ath-miR8178,0.0,0.0,0.0,0.0,0.0
896,mtr-miR2676a,0.0,0.0,0.0,0.0,0.0
897,gma-miR9750-5p,55.65,5.58775,-0.575,533.642,1.984537
898,ath-miR778,57.3,5.274795,-0.033333,413.4884,1.899763
899,mtr-miR166c,0.0,0.0,0.0,0.0,0.0
900,mtr-miR5759,0.0,0.0,0.0,0.0,0.0
901,gma-miR156k,0.0,0.0,0.0,0.0,0.0
902,mtr-miR5206b,-21.633333,5.274795,0.066667,369.4358,1.85149
903,gma-miR10421,45.733333,9.500077,-1.4,402.5122,1.637183
904,ath-miR398a-3p,0.0,0.0,0.0,0.0,0.0
905,gma-miR5371-5p,0.0,0.0,0.0,0.0,0.0
906,mtr-miR5284a,0.0,0.0,0.0,0.0,0.0
907,gma-miR10189,0.0,0.0,0.0,0.0,0.0
908,gma-miR172c,81.8,5.275022,1.025,521.6941,1.999561
909,gma-miR398a,0.0,0.0,0.0,0.0,0.0
910,gma-miR4351,0.0,0.0,0.0,0.0,0.0
911,mtr-miR5250,16.46,4.084587,-0.4,607.6742,2.175432
912,gma-miR1520r,0.0,5.275022,1.9,149.2113,1.466666
913,gma-miR1516b,0.0,0.0,0.0,0.0,0.0
914,gma-miR9727,0.0,0.0,0.0,0.0,0.0
915,ath-miR5642a,0.0,0.0,0.0,0.0,0.0
916,mtr-miR2592b-5p,0.0,0.0,0.0,0.0,0.0
917,gma-miR4401a,0.0,0.0,0.0,0.0,0.0
918,ath-miR398a-5p,0.0,5.275022,1.9,149.2113,1.466666
919,ath-miR1888b,0.0,0.0,0.0,0.0,0.0
920,gma-miR171e,0.0,0.0,0.0,0.0,0.0
921,mtr-miR2087-3p,0.0,0.0,0.0,0.0,0.0
922,mtr-miR5745a,0.0,5.275022,1.9,149.2113,1.466666
923,gma-miR9742,0.0,0.0,0.0,0.0,0.0
924,ath-miR5012,0.0,0.0,0.0,0.0,0.0
925,mtr-miR5279,-2.933333,9.500077,-1.1,406.5009,1.641367
926,gma-miR4405,0.0,0.0,0.0,0.0,0.0
927,ath-miR5021,0.0,0.0,0.0,0.0,0.0
928,gma-miR5374-5p,0.0,0.0,0.0,0.0,0.0
929,mtr-miR5742,-13.725,5.275022,2.475,404.5246,1.890347
930,mtr-miR5269a,0.0,0.0,0.0,0.0,0.0
931,gma-miR1517,117.35,4.596478,0.1,512.5764,2.051211
932,gma-miR1507c-3p,0.0,0.0,0.0,0.0,0.0
933,gma-miR10197,0.0,0.0,0.0,0.0,0.0
934,mtr-miR2599,0.0,0.0,0.0,0.0,0.0
935,gma-miR172g,0.0,0.0,0.0,0.0,0.0
936,gma-miR5780a,0.0,0.0,0.0,0.0,0.0
937,gma-miR1522,5.0,8.500108,-1.0,277.3836,1.526765
938,ath-miR779.2,0.0,0.0,0.0,0.0,0.0
939,gma-miR5380a,40.433333,4.050028,-2.083333,679.654,2.22741
940,gma-miR396b-3p,0.0,0.0,0.0,0.0,0.0
941,mtr-miR2620,0.0,0.0,0.0,0.0,0.0
942,ath-miR2936,0.0,0.0,0.0,0.0,0.0
943,gma-miR5763a,0.0,0.0,0.0,0.0,0.0
944,gma-miR390e,0.0,0.0,0.0,0.0,0.0
945,ath-miR5028,6.666667,4.596478,0.733333,391.4829,1.935357
946,mtr-miR2637,0.0,0.0,0.0,0.0,0.0
947,mtr-miR5297,0.0,0.0,0.0,0.0,0.0
948,mtr-miR5214-5p,0.0,0.0,0.0,0.0,0.0
949,gma-miR4416c-3p,0.0,0.0,0.0,0.0,0.0
950,ath-miR156f-3p,0.0,0.0,0.0,0.0,0.0
951,gma-miR1529,0.0,0.0,0.0,0.0,0.0
952,mtr-miR5216a,0.0,0.0,0.0,0.0,0.0
953,gma-miR5762,0.0,0.0,0.0,0.0,0.0
954,ath-miR782,5.0,5.275022,2.35,296.3851,1.757294
955,mtr-miR2629a,0.0,0.0,0.0,0.0,0.0
956,gma-miR171n,0.0,0.0,0.0,0.0,0.0
957,gma-miR1520i,0.0,0.0,0.0,0.0,0.0
958,mtr-miR7699-5p,291.4,6.491377,-0.65,286.3506,1.654297
959,gma-miR4398,0.0,0.0,0.0,0.0,0.0
960,gma-miR397b-3p,0.0,0.0,0.0,0.0,0.0
961,gma-miR9750-3p,6.666667,5.272749,1.2,339.4315,1.81541
962,gma-miR169t,55.65,4.050028,0.15,474.5715,2.072534
963,mtr-miR5241a,198.85,4.050028,-0.65,510.5822,2.104039
964,gma-miR10425,0.0,0.0,0.0,0.0,0.0
965,mtr-miR1509a-3p,0.0,0.0,0.0,0.0,0.0
966,gma-miR9758,-43.6,5.275022,0.866667,376.4715,1.859551
967,gma-miR172a,0.3,6.491377,1.1,530.7042,1.917796
968,mtr-miR7701-3p,0.0,5.275022,1.9,149.2113,1.466666
969,ath-miR5666,8.571429,9.519998,-0.728571,831.9419,1.946398
970,ath-miR773b-5p,0.0,0.0,0.0,0.0,0.0
971,ath-miR841b-5p,0.0,0.0,0.0,0.0,0.0
972,gma-miR5772,0.0,5.275022,1.9,149.2113,1.466666
973,ath-miR5029,-18.383333,5.753209,-1.416667,720.7954,2.101355
974,mtr-miR7698-3p,6.666667,8.500108,-0.933333,364.4609,1.642239
975,gma-miR10434,0.0,0.0,0.0,0.0,0.0
976,ath-miR426,0.0,0.0,0.0,0.0,0.0
977,mtr-miR5741a,5.0,5.275022,3.05,248.3423,1.681955
978,gma-miR4342,0.0,5.275022,1.9,149.2113,1.466666
979,ath-miR170-3p,0.0,0.0,0.0,0.0,0.0
980,mtr-miR5246,0.0,0.0,0.0,0.0,0.0
981,gma-miR10414,0.0,0.0,0.0,0.0,0.0
982,mtr-miR156j,0.0,0.0,0.0,0.0,0.0
983,gma-miR1533,0.0,5.275022,1.9,149.2113,1.466666
984,ath-miR156d-3p,0.0,0.0,0.0,0.0,0.0
985,ath-miR158a-5p,0.0,0.0,0.0,0.0,0.0
986,gma-miR9765,0.0,0.0,0.0,0.0,0.0
987,mtr-miR2119,0.0,0.0,0.0,0.0,0.0
988,gma-miR169j-5p,0.3,7.999833,-0.2,509.6438,1.81095
989,mtr-miR408-3p,145.428571,6.487682,0.828571,803.9914,2.096652
990,ath-miR863-5p,261.8,5.272749,1.2,339.4315,1.81541
991,gma-miR1508a,0.0,0.0,0.0,0.0,0.0
992,mtr-miR2111d-3p,-11.35,5.275022,1.85,503.6557,1.984434
993,mtr-miR5760,0.0,0.0,0.0,0.0,0.0
994,gma-miR9744,135.9,4.050028,1.083333,698.8725,2.239449
995,gma-miR4401b,0.0,0.0,0.0,0.0,0.0
996,gma-miR4992,7.5,5.275022,3.275,494.6471,1.976678
997,mtr-miR2111m-3p,0.0,0.0,0.0,0.0,0.0
998,gma-miR4396,5.0,5.275022,2.85,262.3689,1.705333
999,mtr-miR5284b,0.0,0.0,0.0,0.0,0.0
1000,gma-miR4348d,0.0,0.0,0.0,0.0,0.0
1001,mtr-miR393a,0.0,0.0,0.0,0.0,0.0
1002,gma-miR5371-3p,0.0,0.0,0.0,0.0,0.0
1003,gma-miR5765,5.0,5.275022,0.5,335.4212,1.810143
1004,mtr-miR5753,0.0,0.0,0.0,0.0,0.0
1005,mtr-miR319b-5p,0.0,0.0,0.0,0.0,0.0
1006,ath-miR4227,0.0,0.0,0.0,0.0,0.0
1007,gma-miR1446,0.0,0.0,0.0,0.0,0.0
1008,ath-miR393b-3p,108.466667,9.500077,0.666667,804.9994,1.933164
1009,gma-miR9746a,0.0,0.0,0.0,0.0,0.0
1010,ath-miR393a-5p,0.0,0.0,0.0,0.0,0.0
1011,gma-miR4407,0.0,0.0,0.0,0.0,0.0
1012,gma-miR10419,-21.633333,8.500108,0.6,390.5412,1.671593
1013,ath-miR5999,0.0,0.0,0.0,0.0,0.0
1014,ath-miR5634,0.0,0.0,0.0,0.0,0.0
1015,gma-miR319q,0.0,0.0,0.0,0.0,0.0
1016,mtr-miR5245,0.0,0.0,0.0,0.0,0.0
1017,gma-miR4402,161.08,11.999968,-0.74,631.7916,1.729565
1018,gma-miR10445,5.0,5.275022,-0.8,263.3139,1.706864
1019,gma-miR167e,5.0,5.275022,3.2,262.3689,1.705333
1020,gma-miR162b,0.0,0.0,0.0,0.0,0.0
1021,mtr-miR5224b,0.0,0.0,0.0,0.0,0.0
1022,mtr-miR169c,0.0,0.0,0.0,0.0,0.0
1023,gma-miR4371b,-53.033333,5.275022,0.1,436.5251,1.923002
1024,gma-miR1520l,40.76,5.58775,-1.52,608.6656,2.041111
1025,mtr-miR5298b,7.5,4.050028,1.2,522.6789,2.114129
1026,mtr-miR156a,0.0,0.0,0.0,0.0,0.0
1027,gma-miR9757,0.0,0.0,0.0,0.0,0.0
1028,gma-miR5784,6.666667,5.275022,1.766667,335.4196,1.810141
1029,ath-miR394b-3p,0.0,0.0,0.0,0.0,0.0
1030,gma-miR1513a-3p,-8.95,6.487682,0.75,646.7797,2.003001
1031,mtr-miR159a,0.0,0.0,0.0,0.0,0.0
1032,gma-miR1523a,5.0,5.275022,0.75,206.2626,1.603163
1033,ath-miR858a,0.0,0.0,0.0,0.0,0.0
1034,mtr-miR166e-5p,40.433333,9.500077,0.3,633.7611,1.83066
1035,mtr-miR5238,0.0,0.0,0.0,0.0,0.0
1036,gma-miR156ab,34.425,5.275022,0.425,374.4557,1.857251
1037,gma-miR171b-5p,0.0,0.0,0.0,0.0,0.0
1038,mtr-miR171h,0.0,0.0,0.0,0.0,0.0
1039,mtr-miR5263,0.0,0.0,0.0,0.0,0.0
1040,gma-miR4345,0.0,0.0,0.0,0.0,0.0
1041,mtr-miR156b-5p,0.0,0.0,0.0,0.0,0.0
1042,mtr-miR5253,62.666667,8.500108,1.683333,766.0908,1.959648
1043,ath-miR166a-3p,0.0,0.0,0.0,0.0,0.0
1044,gma-miR167l,5.0,5.275022,3.2,262.3689,1.705333
1045,gma-miR9761,0.0,0.0,0.0,0.0,0.0
1046,gma-miR4416b,0.0,0.0,0.0,0.0,0.0
1047,gma-miR396a-5p,0.0,0.0,0.0,0.0,0.0
1048,mtr-miR5755,0.0,0.0,0.0,0.0,0.0
1049,mtr-miR2088-3p,0.0,5.275022,1.9,149.2113,1.466666
1050,mtr-miR5235a,7.5,5.275022,2.55,418.5512,1.904964
1051,gma-miR166h-5p,40.433333,9.500077,0.466667,709.857,1.879217
1052,mtr-miR2593a,31.44,5.753209,-2.24,645.7288,2.053992
1053,gma-miR169v,-2.933333,5.272749,1.233333,353.4581,1.832732
1054,gma-miR1520g,0.3,5.840116,-1.7,521.5883,1.955742
1055,mtr-miR5255,0.0,5.275022,1.9,149.2113,1.466666
1056,ath-miR775,172.92,5.275022,0.26,481.5211,1.965123
1057,gma-miR397a,0.0,5.275022,1.9,149.2113,1.466666
1058,mtr-miR5227,0.0,5.275022,1.9,149.2113,1.466666
1059,gma-miR10428,0.0,0.0,0.0,0.0,0.0
1060,mtr-miR2111g-3p,0.0,0.0,0.0,0.0,0.0
1061,ath-miR5639-3p,0.0,0.0,0.0,0.0,0.0
1062,mtr-miR5272f,-25.96,5.274795,0.46,617.7135,2.072274
1063,gma-miR169u,0.3,7.999833,-0.2,509.6438,1.81095
1064,gma-miR4379,0.0,0.0,0.0,0.0,0.0
1065,ath-miR390b-3p,0.0,0.0,0.0,0.0,0.0
1066,gma-miR166m,0.0,0.0,0.0,0.0,0.0
1067,ath-miR171b-5p,0.0,0.0,0.0,0.0,0.0
1068,mtr-miR2636,0.0,0.0,0.0,0.0,0.0
1069,gma-miR9746i,0.0,0.0,0.0,0.0,0.0
1070,gma-miR2111b,0.0,0.0,0.0,0.0,0.0
1071,gma-miR1525,0.0,0.0,0.0,0.0,0.0
1072,ath-miR156b-3p,0.0,0.0,0.0,0.0,0.0
1073,mtr-miR5757,0.0,0.0,0.0,0.0,0.0
1074,gma-miR171d,0.0,0.0,0.0,0.0,0.0
1075,gma-miR156d,0.0,0.0,0.0,0.0,0.0
1076,ath-miR416,0.0,0.0,0.0,0.0,0.0
1077,gma-miR5676,0.0,5.275022,1.9,149.2113,1.466666
1078,gma-miR1510a-3p,0.0,0.0,0.0,0.0,0.0
1079,mtr-miR2662,0.0,5.275022,1.9,149.2113,1.466666
1080,gma-miR4341,-9.4,5.275022,0.6,250.3152,1.68532
1081,mtr-miR5758,85.6,5.274795,1.466667,425.5421,1.912087
1082,ath-miR164c-3p,0.0,0.0,0.0,0.0,0.0
1083,ath-miR167c-3p,8.0,5.275022,2.66,547.7082,2.020488
1084,mtr-miR5563-5p,0.0,0.0,0.0,0.0,0.0
1085,gma-miR10187,0.0,0.0,0.0,0.0,0.0
1086,mtr-miR7696d-5p,0.0,0.0,0.0,0.0,0.0
1087,mtr-miR2089-3p,0.0,0.0,0.0,0.0,0.0
1088,mtr-miR2088-5p,0.0,0.0,0.0,0.0,0.0
1089,ath-miR173-5p,0.0,0.0,0.0,0.0,0.0
1090,gma-miR396i-3p,0.0,0.0,0.0,0.0,0.0
1091,mtr-miR2606a,0.0,0.0,0.0,0.0,0.0
1092,mtr-miR399k,0.0,0.0,0.0,0.0,0.0
1093,gma-miR5369,224.7,5.275022,0.55,236.2886,1.660807
1094,ath-miR825,5.0,5.275022,-0.8,263.3139,1.706864
1095,mtr-miR2610a,66.7,5.275022,1.85,220.2892,1.631046
1096,ath-miR4228-3p,12.22,9.500077,-1.38,533.6022,1.757154
1097,mtr-miR1509b,0.0,0.0,0.0,0.0,0.0
1098,gma-miR4397-3p,7.5,9.500077,0.25,604.7645,1.810628
1099,mtr-miR5281b,0.0,0.0,0.0,0.0,0.0
1100,gma-miR171b-3p,0.0,0.0,0.0,0.0,0.0
1101,gma-miR10423,46.52,8.500108,-1.06,559.6793,1.825061
1102,mtr-miR5239,0.0,5.275022,1.9,149.2113,1.466666
1103,gma-miR4354,0.0,0.0,0.0,0.0,0.0
1104,mtr-miR5213-3p,0.0,0.0,0.0,0.0,0.0
1105,mtr-miR162,0.0,0.0,0.0,0.0,0.0
1106,mtr-miR5230,0.0,0.0,0.0,0.0,0.0
1107,gma-miR5042-3p,0.0,0.0,0.0,0.0,0.0
1108,ath-miR862-5p,5.0,5.272749,2.2,252.3542,1.688954
1109,gma-miR10416,0.0,0.0,0.0,0.0,0.0
1110,gma-miR5667-5p,0.0,0.0,0.0,0.0,0.0
1111,gma-miR403a,0.0,0.0,0.0,0.0,0.0
1112,gma-miR10194,-9.4,5.275022,0.6,250.3152,1.68532
1113,mtr-miR5554a-5p,5.0,5.275022,3.05,248.3423,1.681955
1114,mtr-miR2622,0.0,0.0,0.0,0.0,0.0
1115,gma-miR9731,0.0,0.0,0.0,0.0,0.0
1116,mtr-miR5557-3p,0.0,0.0,0.0,0.0,0.0
1117,gma-miR160a-3p,119.32,9.500077,-1.02,591.6814,1.801278
1118,mtr-miR2643a,0.0,0.0,0.0,0.0,0.0
1119,ath-miR5645a,153.133333,5.275022,1.633333,349.4462,1.827663
1120,gma-miR171a,0.0,0.0,0.0,0.0,0.0
1121,gma-miR4994-3p,0.0,0.0,0.0,0.0,0.0
1122,gma-miR166j-3p,0.0,0.0,0.0,0.0,0.0
1123,ath-miR5629,0.0,0.0,0.0,0.0,0.0
1124,gma-miR9734,-4.233333,9.500077,2.0,778.017,1.918533
1125,ath-miR3933,0.3,9.500077,-1.0,507.6048,1.735851
1126,ath-miR773b-3p,0.0,0.0,0.0,0.0,0.0
1127,gma-miR1518,0.0,0.0,0.0,0.0,0.0
1128,mtr-miR5226,0.0,0.0,0.0,0.0,0.0
1129,gma-miR9749,0.0,0.0,0.0,0.0,0.0
1130,ath-miR5013,0.0,0.0,0.0,0.0,0.0
1131,gma-miR1520b,0.0,0.0,0.0,0.0,0.0
1132,ath-miR390a-5p,0.0,0.0,0.0,0.0,0.0
1133,ath-miR5651,0.0,0.0,0.0,0.0,0.0
1134,mtr-miR5231,-70.15,5.587523,-0.166667,732.8888,2.121117
1135,mtr-miR167b-3p,8.0,5.222617,0.56,641.7798,2.093018
1136,gma-miR482a-5p,5.0,5.275022,0.75,206.2626,1.603163
1137,ath-miR413,0.0,0.0,0.0,0.0,0.0
1138,mtr-miR1510a-3p,0.0,0.0,0.0,0.0,0.0
1139,gma-miR395d,0.0,0.0,0.0,0.0,0.0
1140,gma-miR4388,0.0,0.0,0.0,0.0,0.0
1141,ath-miR5026,0.0,0.0,0.0,0.0,0.0
1142,gma-miR5766,0.0,0.0,0.0,0.0,0.0
1143,gma-miR4397-5p,0.0,0.0,0.0,0.0,0.0
1144,mtr-miR2596,0.0,0.0,0.0,0.0,0.0
1145,gma-miR4998,0.0,0.0,0.0,0.0,0.0
1146,gma-miR10440,0.0,0.0,0.0,0.0,0.0
1147,gma-miR171m,0.0,0.0,0.0,0.0,0.0
1148,mtr-miR1507-5p,7.5,8.498432,-2.5,562.6833,1.827436
1149,gma-miR5670b,0.0,0.0,0.0,0.0,0.0
1150,ath-miR8184,0.0,5.275022,1.9,149.2113,1.466666
1151,mtr-miR5743a,0.0,0.0,0.0,0.0,0.0
1152,gma-miR9764,0.0,0.0,0.0,0.0,0.0
1153,ath-miR845b,0.0,5.275022,1.9,149.2113,1.466666
1154,gma-miR171i-5p,-21.633333,8.500108,0.6,390.5412,1.671593
1155,gma-miR1520e,-9.4,5.275022,0.6,250.3152,1.68532
1156,gma-miR4415a-3p,0.0,5.275022,1.9,149.2113,1.466666
1157,ath-miR399a,0.0,0.0,0.0,0.0,0.0
1158,gma-miR10407a,8.0,4.050028,0.38,638.7327,2.200606
1159,ath-miR5640,0.0,0.0,0.0,0.0,0.0
1160,ath-miR862-3p,8.333333,4.084587,1.05,732.8855,2.256302
1161,gma-miR5377b,117.35,5.275022,1.425,523.6453,2.001166
1162,gma-miR5671a,8.333333,5.753209,-0.2,746.8756,2.116671
1163,gma-miR319f,0.0,0.0,0.0,0.0,0.0
1164,gma-miR391a-3p,0.0,0.0,0.0,0.0,0.0
1165,ath-miR847,0.0,5.275022,1.9,149.2113,1.466666
1166,mtr-miR5267l,0.0,0.0,0.0,0.0,0.0
1167,gma-miR5677,0.0,0.0,0.0,0.0,0.0
1168,ath-miR8182,0.0,0.0,0.0,0.0,0.0
1169,gma-miR10427b,0.0,0.0,0.0,0.0,0.0
1170,mtr-miR167b-5p,5.0,5.275022,3.2,262.3689,1.705333
1171,gma-miR5041-5p,0.0,0.0,0.0,0.0,0.0
1172,gma-miR4348c,-9.4,5.275022,0.6,250.3152,1.68532
1173,gma-miR5372,0.0,0.0,0.0,0.0,0.0
1174,gma-miR167i,-3.557143,5.275022,1.057143,649.7572,2.094038
1175,gma-miR1521a,7.5,4.050028,-0.225,491.5589,2.087681
1176,mtr-miR1510b-3p,-24.766667,5.275022,1.366667,572.7177,2.039698
1177,gma-miR4384,0.0,0.0,0.0,0.0,0.0
1178,ath-miR835-3p,0.0,0.0,0.0,0.0,0.0
1179,gma-miR5770b,-30.075,5.275022,1.125,535.6561,2.010918
1180,mtr-miR5248,197.6,6.491377,-0.7,373.4279,1.767355
1181,ath-miR1886.1,5.0,8.500108,-1.0,277.3836,1.526765
1182,mtr-miR2650,7.5,5.275022,2.025,482.5934,1.966078
1183,mtr-miR2605,-2.933333,5.274795,-0.033333,413.4884,1.899763
1184,ath-miR408-3p,145.428571,6.487682,0.828571,803.9914,2.096652
1185,gma-miR5039,0.0,5.275022,1.9,149.2113,1.466666
1186,ath-miR840-5p,0.0,0.0,0.0,0.0,0.0
1187,gma-miR10429,-13.725,8.500108,0.25,477.6185,1.757318
1188,gma-miR171h,0.0,0.0,0.0,0.0,0.0
1189,mtr-miR156b-3p,0.0,0.0,0.0,0.0,0.0
1190,gma-miR4373,0.0,0.0,0.0,0.0,0.0
1191,gma-miR4374b,0.0,0.0,0.0,0.0,0.0
1192,gma-miR2108b,-4.233333,4.596365,1.683333,686.885,2.177366
1193,gma-miR5781,0.0,0.0,0.0,0.0,0.0
1194,mtr-miR5222,57.3,5.274795,0.066667,369.4358,1.85149
1195,gma-miR9745,0.0,0.0,0.0,0.0,0.0
1196,mtr-miR5217,0.0,0.0,0.0,0.0,0.0
1197,gma-miR171i-3p,0.0,0.0,0.0,0.0,0.0
1198,gma-miR9725,0.0,0.0,0.0,0.0,0.0
1199,gma-miR4363,0.0,0.0,0.0,0.0,0.0
1200,gma-miR4394,5.0,4.298131,-0.8,264.2987,1.795821
1201,gma-miR1520q,-9.4,5.275022,0.6,250.3152,1.68532
1202,mtr-miR5213-5p,0.0,0.0,0.0,0.0,0.0
1203,mtr-miR2087-5p,0.0,0.0,0.0,0.0,0.0
1204,mtr-miR2666,0.0,0.0,0.0,0.0,0.0
1205,gma-miR4378b,6.666667,5.272521,1.033333,415.5274,1.902057
1206,mtr-miR2592d-5p,0.0,0.0,0.0,0.0,0.0
1207,gma-miR1520j,-2.933333,5.275022,1.9,363.4728,1.844505
1208,mtr-miR2665,0.0,0.0,0.0,0.0,0.0
1209,gma-miR319n,0.0,0.0,0.0,0.0,0.0
1210,ath-miR5023,0.0,0.0,0.0,0.0,0.0
1211,mtr-miR5555-5p,-2.933333,5.275022,1.666667,363.4728,1.844505
1212,gma-miR10196,0.0,0.0,0.0,0.0,0.0
1213,gma-miR5042-5p,0.0,0.0,0.0,0.0,0.0
1214,gma-miR395i,25.314286,5.750594,0.6,793.007,2.142702
1215,ath-miR826b,0.0,0.0,0.0,0.0,0.0
1216,mtr-miR2588a,0.0,0.0,0.0,0.0,0.0
1217,gma-miR4348a-3p,213.65,5.275022,-0.125,410.4432,1.896575
1218,gma-miR10407d,0.0,0.0,0.0,0.0,0.0
1219,mtr-miR5744,0.0,0.0,0.0,0.0,0.0
1220,gma-miR1535a,224.7,5.275022,0.55,236.2886,1.660807
1221,gma-miR5782,0.0,0.0,0.0,0.0,0.0
1222,mtr-miR2590h,-17.014286,6.491377,-1.914286,929.9988,2.159166
1223,mtr-miR2615a,0.0,0.0,0.0,0.0,0.0
1224,mtr-miR2592a-3p,7.5,4.596478,-0.225,491.5589,2.033192
1225,mtr-miR5212-5p,0.0,0.0,0.0,0.0,0.0
1226,mtr-miR2644,6.666667,5.272749,2.866667,351.4852,1.830337
1227,mtr-miR2590a,0.0,0.0,0.0,0.0,0.0
1228,gma-miR2109-3p,0.0,0.0,0.0,0.0,0.0
1229,mtr-miR5751,5.0,5.275022,3.05,248.3423,1.681955
1230,mtr-miR5268a,-13.725,8.500108,0.4,576.7511,1.837918
1231,gma-miR10200,0.0,5.275022,1.9,149.2113,1.466666
1232,ath-miR2937,0.0,0.0,0.0,0.0,0.0
1233,ath-miR5656,0.0,0.0,0.0,0.0,0.0
1234,gma-miR396a-3p,0.0,0.0,0.0,0.0,0.0
1235,mtr-miR390,0.0,0.0,0.0,0.0,0.0
1236,gma-miR9726,0.0,0.0,0.0,0.0,0.0
1237,mtr-miR2648,-8.98,4.298131,0.36,535.6115,2.099041
1238,ath-miR8179,0.0,0.0,0.0,0.0,0.0
1239,gma-miR5374-3p,95.88,5.587239,-1.52,642.7215,2.064585
1240,gma-miR4372a,0.0,5.275022,1.9,149.2113,1.466666
1241,ath-miR836,-32.7,9.500077,-1.3,305.397,1.520441
1242,mtr-miR2669a,0.0,0.0,0.0,0.0,0.0
1243,gma-miR399i,0.0,0.0,0.0,0.0,0.0
1244,gma-miR4368a,0.0,0.0,0.0,0.0,0.0
1245,gma-miR5668,6.666667,4.050028,0.733333,391.4829,1.989725
1246,gma-miR10408,0.0,0.0,0.0,0.0,0.0
1247,gma-miR396e,0.0,0.0,0.0,0.0,0.0
1248,gma-miR4369,0.0,0.0,0.0,0.0,0.0
1249,gma-miR10427a,0.0,0.0,0.0,0.0,0.0
1250,ath-miR4221,0.0,0.0,0.0,0.0,0.0
1251,mtr-miR5558-5p,0.0,0.0,0.0,0.0,0.0
1252,ath-miR156i,0.0,0.0,0.0,0.0,0.0
1253,ath-miR156j,0.0,0.0,0.0,0.0,0.0
1254,gma-miR5670a,0.0,0.0,0.0,0.0,0.0
1255,gma-miR862b,96.125,8.500108,0.25,477.6185,1.757318
1256,gma-miR1531-3p,8.0,9.500077,1.0,574.7369,1.788862
1257,gma-miR1514b-5p,0.0,0.0,0.0,0.0,0.0
1258,gma-miR9762,0.0,0.0,0.0,0.0,0.0
1259,ath-miR777,0.0,0.0,0.0,0.0,0.0
1260,mtr-miR5205b,0.0,0.0,0.0,0.0,0.0
1261,ath-miR5632-3p,0.0,0.0,0.0,0.0,0.0
1262,gma-miR172d,105.96,5.275022,0.12,649.8233,2.094082
1263,gma-miR4385,0.0,5.275022,1.9,149.2113,1.466666
1264,ath-miR832-3p,0.0,0.0,0.0,0.0,0.0
1265,gma-miR1520k,40.76,5.060626,-1.26,589.6192,2.070079
1266,gma-miR4400,0.0,0.0,0.0,0.0,0.0
1267,mtr-miR2600e,0.0,0.0,0.0,0.0,0.0
1268,gma-miR4366,0.0,0.0,0.0,0.0,0.0
1269,ath-miR393a-3p,47.8,5.275022,2.05,761.9713,2.162711
1270,mtr-miR5745b,0.0,0.0,0.0,0.0,0.0
1271,gma-miR4343a,0.0,0.0,0.0,0.0,0.0
1272,gma-miR172f,-2.933333,5.275022,2.533333,393.5649,1.878574
1273,gma-miR395h,25.314286,5.750594,0.6,793.007,2.142702
1274,gma-miR10192,0.0,0.0,0.0,0.0,0.0
1275,mtr-miR7699-3p,291.4,6.491377,-0.65,286.3506,1.654297
1276,gma-miR9759,0.0,0.0,0.0,0.0,0.0
1277,mtr-miR5562-5p,5.0,8.500108,-1.0,277.3836,1.526765
1278,mtr-miR2585a,0.0,0.0,0.0,0.0,0.0
1279,mtr-miR5560-5p,0.0,0.0,0.0,0.0,0.0
1280,mtr-miR2592bi,224.7,5.275022,0.15,246.3265,1.678489
1281,gma-miR1520d,0.3,5.840116,-1.7,521.5883,1.955742
1282,gma-miR393h,0.0,0.0,0.0,0.0,0.0
1283,gma-miR9767,46.1375,8.498432,-0.175,1106.4044,2.117898
1284,gma-miR171c-5p,0.0,0.0,0.0,0.0,0.0
1285,gma-miR4348b,0.0,0.0,0.0,0.0,0.0
1286,gma-miR1520n,0.3,5.840116,-1.7,521.5883,1.955742
1287,gma-miR5380c,50.414286,4.050028,-2.285714,822.7946,2.309966
1288,gma-miR9722,0.0,5.275022,1.9,149.2113,1.466666
1289,mtr-miR7701-5p,46.52,5.752981,-1.96,607.6775,2.027872
1290,ath-miR844-5p,0.0,0.0,0.0,0.0,0.0
1291,gma-miR169s-5p,0.3,7.999833,-0.2,509.6438,1.81095
1292,gma-miR5780c,0.0,0.0,0.0,0.0,0.0
1293,ath-miR171c-5p,0.0,0.0,0.0,0.0,0.0
1294,ath-miR172e-3p,0.3,6.491377,1.1,530.7042,1.917796
1295,ath-miR169h,48.45,5.272749,1.875,466.6157,1.951802
1296,gma-miR4382,-2.2,4.050028,0.385714,872.0174,2.335079
1297,mtr-miR5274b-3p,0.0,0.0,0.0,0.0,0.0
1298,gma-miR1515a,5.0,5.275022,3.2,262.3689,1.705333
1299,gma-miR162a,0.0,0.0,0.0,0.0,0.0
1300,ath-miR172a,0.3,6.491377,1.1,530.7042,1.917796
1301,gma-miR4413b,0.0,0.0,0.0,0.0,0.0
1302,gma-miR4994-5p,0.0,0.0,0.0,0.0,0.0
1303,gma-miR5035-3p,0.0,0.0,0.0,0.0,0.0
1304,gma-miR4411,0.0,0.0,0.0,0.0,0.0
1305,gma-miR4377,70.866667,4.050028,-1.7,393.4127,1.991838
1306,ath-miR5654-5p,0.0,0.0,0.0,0.0,0.0
1307,mtr-miR2592bm-3p,-13.725,5.275022,0.55,419.4962,1.905931
1308,ath-miR5663-5p,0.0,0.0,0.0,0.0,0.0
1309,ath-miR868-5p,224.7,5.275022,0.55,236.2886,1.660807
1310,gma-miR10407c,0.0,0.0,0.0,0.0,0.0
1311,mtr-miR5244,-42.94,8.500108,1.26,546.7235,1.815043
1312,gma-miR9751,0.0,0.0,0.0,0.0,0.0
1313,gma-miR5378,0.0,0.0,0.0,0.0,0.0
1314,gma-miR4349-3p,0.0,0.0,0.0,0.0,0.0
1315,gma-miR1514a-3p,117.42,8.500108,0.94,600.814,1.855417
1316,ath-miR841a-3p,0.0,0.0,0.0,0.0,0.0
1317,ath-miR2112-5p,-7.08,9.500077,0.6,636.8279,1.832726
1318,mtr-miR5555-3p,0.0,0.0,0.0,0.0,0.0
1319,gma-miR5770c,7.5,5.275022,2.425,547.7098,2.020489
1320,mtr-miR5274b-5p,108.866667,5.748207,-0.2,713.8873,2.09758
1321,gma-miR4343b,0.0,0.0,0.0,0.0,0.0
1322,gma-miR5669,0.0,5.275022,1.9,149.2113,1.466666
1323,mtr-miR2619a,0.0,0.0,0.0,0.0,0.0
1324,gma-miR10195,45.657143,8.500108,1.357143,860.1176,2.009404
1325,gma-miR4344,0.0,0.0,0.0,0.0,0.0
1326,ath-miR5647,-6.9,5.275022,1.025,460.588,1.946034
1327,ath-miR850,0.0,0.0,0.0,0.0,0.0
1328,ath-miR826a,0.0,0.0,0.0,0.0,0.0
1329,gma-miR4359a,0.0,0.0,0.0,0.0,0.0
1330,ath-miR833a-5p,0.0,0.0,0.0,0.0,0.0
1331,gma-miR5040,42.4,6.519512,-1.285714,934.0703,2.159185
1332,gma-miR4359b,7.5,5.275022,1.05,450.5501,1.936574
1333,gma-miR4350,135.9,7.999833,1.216667,821.065,2.015508
1334,gma-miR1520h,0.0,5.275022,1.9,149.2113,1.466666
1335,gma-miR1534,0.0,0.0,0.0,0.0,0.0
1336,ath-miR417,0.0,0.0,0.0,0.0,0.0
1337,gma-miR10418,0.0,0.0,0.0,0.0,0.0
1338,gma-miR1510b-5p,0.0,0.0,0.0,0.0,0.0
1339,mtr-miR5752a,0.0,0.0,0.0,0.0,0.0
